"CCLE_ID","disease","disease_subtype","disease_sub_subtype","in_DRIVE","in_Achilles","in_Marcotte","Novartis_name","Novartis_Primary_site","Novartis_Pathologist_Annotation","Marcotte_name","Marcotte_subtype_three_receptor","Marcotte_subtype_neve","Marcotte_subtype_intrinsic"
"127399_SOFT_TISSUE","soft_tissue","synovial_sarcoma","",TRUE,FALSE,FALSE,"127399","soft_tissue","Soft_Tissue:Sarcoma_Synovial",NA,NA,NA,NA
"1321N1_CENTRAL_NERVOUS_SYSTEM","central_nervous_system","glioma","astrocytoma",TRUE,FALSE,FALSE,"1321n1","central_nervous_system","CNS:Glioma",NA,NA,NA,NA
"143B_BONE","bone","osteosarcoma","",FALSE,TRUE,FALSE,NA,NA,NA,NA,NA,NA,NA
"184A1_BREAST","breast",NA,NA,FALSE,FALSE,TRUE,NA,NA,NA,"184a1","TNBC","basalb","Normal"
"184B5_BREAST","breast",NA,NA,FALSE,FALSE,TRUE,NA,NA,NA,"184b5","TNBC","basalb","Normal"
"22RV1_PROSTATE","prostate","","",FALSE,TRUE,FALSE,NA,NA,NA,NA,NA,NA,NA
"2313287_STOMACH","gastric","gastric_adenocarcinoma","",TRUE,TRUE,FALSE,"2313287","stomach","Gastric:Carcinoma",NA,NA,NA,NA
"600MPE_BREAST","breast",NA,NA,FALSE,FALSE,TRUE,NA,NA,NA,"600mpe","ER","luminal","LuminalA"
"697_HAEMATOPOIETIC_AND_LYMPHOID_TISSUE","leukemia","B-cell_ALL","",TRUE,TRUE,FALSE,"697","haematopoietic_and_lymphoid_tissue","Leukemia:ALL",NA,NA,NA,NA
"769P_KIDNEY","kidney","","",TRUE,TRUE,FALSE,"769p","kidney","Kidney:Carcinoma",NA,NA,NA,NA
"786O_KIDNEY","kidney","","",TRUE,TRUE,FALSE,"786o","kidney","Kidney:Carcinoma",NA,NA,NA,NA
"8305C_THYROID","thyroid","","",TRUE,FALSE,FALSE,"8305c","thyroid","Thyroid:Carcinoma",NA,NA,NA,NA
"8505C_THYROID","thyroid","","",TRUE,FALSE,FALSE,"8505c","thyroid","Thyroid:Carcinoma",NA,NA,NA,NA
"921_UVEA",NA,NA,NA,TRUE,FALSE,FALSE,NA,NA,NA,NA,NA,NA,NA
"A101D_SKIN","skin","melanoma","",TRUE,FALSE,FALSE,"a101d","skin","Skin:Melanoma",NA,NA,NA,NA
"A1207_CENTRAL_NERVOUS_SYSTEM","central_nervous_system","glioma","glioblastoma",FALSE,TRUE,FALSE,NA,NA,NA,NA,NA,NA,NA
"A172_CENTRAL_NERVOUS_SYSTEM","central_nervous_system","glioma","glioblastoma",TRUE,TRUE,FALSE,"a172","central_nervous_system","CNS:Glioma_HighGrade",NA,NA,NA,NA
"A204_SOFT_TISSUE","rhabdoid","","",TRUE,TRUE,FALSE,"a204","soft_tissue","Soft_Tissue:Sarcoma_Rhabdoid",NA,NA,NA,NA
"A2058_SKIN","skin","melanoma","",TRUE,TRUE,FALSE,"a2058","skin","Skin:Melanoma",NA,NA,NA,NA
"A253_SALIVARY_GLAND","upper_aerodigestive","upper_aerodigestive_squamous","",TRUE,FALSE,FALSE,"a253","salivary_gland","Salivary_Gland:Carcinoma",NA,NA,NA,NA
"A2780_OVARY","ovary","ovary_adenocarcinoma","",TRUE,FALSE,FALSE,"a2780","ovary","Ovary:Carcinoma",NA,NA,NA,NA
"A375_SKIN","skin","melanoma","",TRUE,TRUE,FALSE,"a375","skin","Skin:Melanoma",NA,NA,NA,NA
"A3KAW_HAEMATOPOIETIC_AND_LYMPHOID_TISSUE","lymphoma","DLBCL","",FALSE,TRUE,FALSE,NA,NA,NA,NA,NA,NA,NA
"A427_LUNG","lung","lung_NSC","lung_adenocarcinoma",FALSE,TRUE,FALSE,NA,NA,NA,NA,NA,NA,NA
"A498_KIDNEY","kidney","","",TRUE,FALSE,FALSE,"a498","kidney","Kidney:Carcinoma",NA,NA,NA,NA
"A4FUK_HAEMATOPOIETIC_AND_LYMPHOID_TISSUE","lymphoma","DLBCL","",FALSE,TRUE,FALSE,NA,NA,NA,NA,NA,NA,NA
"A549_LUNG","lung","lung_NSC","lung_adenocarcinoma",TRUE,TRUE,FALSE,"a549","lung","Lung:NSCLC_Adeno",NA,NA,NA,NA
"A673_BONE","","","",TRUE,TRUE,FALSE,"a673","bone","Bone:Sarcoma_Ewing",NA,NA,NA,NA
"A704_KIDNEY","kidney","","",TRUE,TRUE,FALSE,NA,NA,NA,NA,NA,NA,NA
"ABC1_LUNG","lung","lung_NSC","lung_adenocarcinoma",TRUE,TRUE,FALSE,"abc1","lung","Lung:NSCLC_Others",NA,NA,NA,NA
"ACCMESO1_PLEURA","mesothelioma","","",TRUE,FALSE,FALSE,"accmeso1","pleura","Lung:Mesothelioma",NA,NA,NA,NA
"ACHN_KIDNEY","kidney","","",TRUE,TRUE,FALSE,"achn","kidney","Kidney:Carcinoma",NA,NA,NA,NA
"AGS_STOMACH","gastric","gastric_adenocarcinoma","",TRUE,TRUE,FALSE,"ags","stomach","Gastric:Carcinoma",NA,NA,NA,NA
"AM38_CENTRAL_NERVOUS_SYSTEM","central_nervous_system","glioma","glioblastoma",FALSE,TRUE,FALSE,NA,NA,NA,NA,NA,NA,NA
"AML193_HAEMATOPOIETIC_AND_LYMPHOID_TISSUE","leukemia","AML","",FALSE,TRUE,FALSE,NA,NA,NA,NA,NA,NA,NA
"AMO1_HAEMATOPOIETIC_AND_LYMPHOID_TISSUE","multiple_myeloma","","",FALSE,TRUE,FALSE,NA,NA,NA,NA,NA,NA,NA
"AN3CA_ENDOMETRIUM","uterus","uterus_endometrium","",TRUE,FALSE,FALSE,"an3ca","endometrium","Endometrium:Carcinoma",NA,NA,NA,NA
"ASPC1_PANCREAS","pancreas","","",FALSE,TRUE,FALSE,NA,NA,NA,NA,NA,NA,NA
"AU565_BREAST","breast","HER2Amp","",FALSE,TRUE,TRUE,NA,NA,NA,"au565","ERBB2","her2","HER2"
"AZ521_STOMACH","small_intestine","","",TRUE,FALSE,FALSE,"az521","stomach","Gastric:Carcinoma",NA,NA,NA,NA
"BC3C_URINARY_TRACT","urinary_tract","","",TRUE,FALSE,FALSE,"bc3c","urinary_tract","Bladder:Carcinoma",NA,NA,NA,NA
"BCPAP_THYROID","thyroid","","",TRUE,FALSE,FALSE,"bcpap","thyroid","Thyroid:Carcinoma",NA,NA,NA,NA
"BFTC909_KIDNEY","kidney","","",TRUE,TRUE,FALSE,"bftc909","kidney","Kidney:Carcinoma",NA,NA,NA,NA
"BHT101_THYROID","thyroid","","",TRUE,FALSE,FALSE,"bht101","thyroid","Thyroid:Carcinoma",NA,NA,NA,NA
"BHY_UPPER_AERODIGESTIVE_TRACT","upper_aerodigestive","upper_aerodigestive_squamous","",FALSE,TRUE,FALSE,NA,NA,NA,NA,NA,NA,NA
"BICR22_UPPER_AERODIGESTIVE_TRACT","upper_aerodigestive","upper_aerodigestive_squamous","",FALSE,TRUE,FALSE,NA,NA,NA,NA,NA,NA,NA
"BICR56_UPPER_AERODIGESTIVE_TRACT","upper_aerodigestive","upper_aerodigestive_squamous","",FALSE,TRUE,FALSE,NA,NA,NA,NA,NA,NA,NA
"BICR6_UPPER_AERODIGESTIVE_TRACT","upper_aerodigestive","upper_aerodigestive_squamous","",TRUE,TRUE,FALSE,"bicr6","upper_aerodigestive_tract","Upper_Aerodigestive_Tract:Carcinoma",NA,NA,NA,NA
"BT12_SOFT_TISSUE","rhabdoid","","",FALSE,TRUE,FALSE,NA,NA,NA,NA,NA,NA,NA
"BT16_SOFT_TISSUE","rhabdoid","","",TRUE,TRUE,FALSE,"bt16","central_nervous_system","PNET:Rhabdoid",NA,NA,NA,NA
"BT20_BREAST","breast","TNBC","",TRUE,TRUE,TRUE,NA,NA,NA,"bt20","TNBC","basala","Basal"
"BT474_BREAST","breast","TPBC","",FALSE,TRUE,TRUE,NA,NA,NA,"bt474","ERBB2","her2","LuminalA"
"BT483_BREAST","breast","TPBC","",FALSE,FALSE,TRUE,NA,NA,NA,"bt483","ER","luminal","LuminalA"
"BT549_BREAST","breast","TNBC","",TRUE,FALSE,TRUE,"bt549","breast","Breast:Carcinoma","bt549","TNBC","basalb","CL"
"BXPC3_PANCREAS","pancreas","","",TRUE,TRUE,FALSE,"bxpc3","pancreas","Pancreas:Carcinoma",NA,NA,NA,NA
"C2BBE1_LARGE_INTESTINE","colorectal","","",FALSE,TRUE,FALSE,NA,NA,NA,NA,NA,NA,NA
"C32_SKIN","skin","melanoma","",TRUE,TRUE,FALSE,"c32","skin","Skin:Melanoma",NA,NA,NA,NA
"C8166_HAEMATOPOIETIC_AND_LYMPHOID_TISSUE","lymphoma","T-cell_lymphoma_other","",FALSE,TRUE,FALSE,NA,NA,NA,NA,NA,NA,NA
"CACO2_LARGE_INTESTINE","colorectal","","",FALSE,TRUE,FALSE,NA,NA,NA,NA,NA,NA,NA
"CADOES1_BONE","","","",FALSE,TRUE,FALSE,NA,NA,NA,NA,NA,NA,NA
"CAKI1_KIDNEY","kidney","","",TRUE,FALSE,FALSE,"caki1","kidney","Kidney:Carcinoma",NA,NA,NA,NA
"CAKI2_KIDNEY","kidney","","",TRUE,TRUE,FALSE,"caki2","kidney","Kidney:Carcinoma",NA,NA,NA,NA
"CAL120_BREAST","breast","TNBC","",TRUE,TRUE,TRUE,"cal120","breast","Breast:Carcinoma","cal120","TNBC","basalb","CL"
"CAL12T_LUNG","lung","lung_NSC","",FALSE,TRUE,FALSE,NA,NA,NA,NA,NA,NA,NA
"CAL148_BREAST","breast","TNBC","",FALSE,FALSE,TRUE,NA,NA,NA,"cal148","TNBC","luminal","HER2"
"CAL27_UPPER_AERODIGESTIVE_TRACT","upper_aerodigestive","upper_aerodigestive_squamous","",TRUE,TRUE,FALSE,"cal27","upper_aerodigestive_tract","Upper_Aerodigestive_Tract:Carcinoma",NA,NA,NA,NA
"CAL29_URINARY_TRACT","urinary_tract","","",TRUE,FALSE,FALSE,"cal29","urinary_tract","Bladder:Carcinoma",NA,NA,NA,NA
"CAL33_UPPER_AERODIGESTIVE_TRACT","upper_aerodigestive","upper_aerodigestive_squamous","",TRUE,TRUE,FALSE,"cal33","upper_aerodigestive_tract","Upper_Aerodigestive_Tract:Carcinoma",NA,NA,NA,NA
"CAL51_BREAST","breast","TNBC","",TRUE,TRUE,TRUE,"cal51","breast","Breast:Carcinoma","cal51","TNBC","basalb","CL"
"CAL54_KIDNEY","kidney","","",TRUE,TRUE,FALSE,"cal54","kidney","Kidney:Carcinoma",NA,NA,NA,NA
"CAL851_BREAST","breast","TNBC","",TRUE,FALSE,TRUE,"cal851","breast","Breast:Carcinoma","cal851","TNBC","basala","Basal"
"CALU1_LUNG","lung","lung_NSC","lung_squamous",FALSE,TRUE,FALSE,NA,NA,NA,NA,NA,NA,NA
"CALU3_LUNG","lung","lung_NSC","lung_adenocarcinoma",FALSE,TRUE,FALSE,NA,NA,NA,NA,NA,NA,NA
"CALU6_LUNG","lung","lung_NSC","",TRUE,TRUE,FALSE,"calu6","lung","Lung:NSCLC_Others",NA,NA,NA,NA
"CAMA1_BREAST","breast","ERpos","",TRUE,FALSE,TRUE,"cama1","breast","Breast:Carcinoma","cama1","ER","luminal","LuminalB"
"CAOV3_OVARY","ovary","ovary_adenocarcinoma","",TRUE,TRUE,FALSE,"caov3","ovary","Ovary:Carcinoma",NA,NA,NA,NA
"CAOV4_OVARY","ovary","ovary_adenocarcinoma","serous",FALSE,TRUE,FALSE,NA,NA,NA,NA,NA,NA,NA
"CAS1_CENTRAL_NERVOUS_SYSTEM","central_nervous_system","glioma","glioblastoma",TRUE,TRUE,FALSE,"cas1","central_nervous_system","CNS:Glioma_HighGrade",NA,NA,NA,NA
"CCK81_LARGE_INTESTINE","colorectal","colorectal_MSI","",TRUE,FALSE,FALSE,"cck81","large_intestine","Colorectal:Carcinoma",NA,NA,NA,NA
"CFPAC1_PANCREAS","pancreas","","",TRUE,TRUE,FALSE,"cfpac1","pancreas","Pancreas:Carcinoma",NA,NA,NA,NA
"CH157MN_CENTRAL_NERVOUS_SYSTEM","central_nervous_system","meningioma","",FALSE,TRUE,FALSE,NA,NA,NA,NA,NA,NA,NA
"CHAGOK1_LUNG","lung","lung_NSC","",TRUE,TRUE,FALSE,"chagok1","lung","Lung:Others",NA,NA,NA,NA
"CJM_SKIN","skin","melanoma","",FALSE,TRUE,FALSE,NA,NA,NA,NA,NA,NA,NA
"CL11_LARGE_INTESTINE","colorectal","","",TRUE,FALSE,FALSE,"cl11","large_intestine","Colorectal:Carcinoma",NA,NA,NA,NA
"CL34_LARGE_INTESTINE","colorectal","colorectal_MSI","",TRUE,FALSE,FALSE,"cl34","large_intestine","Colorectal:Carcinoma",NA,NA,NA,NA
"CMK115_HAEMATOPOIETIC_AND_LYMPHOID_TISSUE","leukemia","AML","",TRUE,FALSE,FALSE,"cmk115","haematopoietic_and_lymphoid_tissue","Leukemia:AML",NA,NA,NA,NA
"CMK_HAEMATOPOIETIC_AND_LYMPHOID_TISSUE","leukemia","AML","",TRUE,FALSE,FALSE,"cmk","haematopoietic_and_lymphoid_tissue","Leukemia:AML",NA,NA,NA,NA
"COLO201_LARGE_INTESTINE","colorectal","","",TRUE,FALSE,FALSE,"colo201","large_intestine","Colorectal:Carcinoma",NA,NA,NA,NA
"COLO205_LARGE_INTESTINE","colorectal","","",TRUE,TRUE,FALSE,"colo205","large_intestine","Colorectal:Carcinoma",NA,NA,NA,NA
"COLO320_LARGE_INTESTINE","colorectal","","",TRUE,FALSE,FALSE,"colo320","large_intestine","Colorectal:Carcinoma",NA,NA,NA,NA
"COLO678_LARGE_INTESTINE","colorectal","","",TRUE,FALSE,FALSE,"colo678","large_intestine","Colorectal:Carcinoma",NA,NA,NA,NA
"COLO679_SKIN","skin","melanoma","",TRUE,TRUE,FALSE,"colo679","skin","Skin:Melanoma",NA,NA,NA,NA
"COLO680N_OESOPHAGUS","esophagus","esophagus_squamous","",FALSE,TRUE,FALSE,NA,NA,NA,NA,NA,NA,NA
"COLO684_ENDOMETRIUM","uterus","uterus_endometrium","",FALSE,TRUE,FALSE,NA,NA,NA,NA,NA,NA,NA
"COLO699_LUNG","lung","lung_NSC","lung_adenocarcinoma",FALSE,TRUE,FALSE,NA,NA,NA,NA,NA,NA,NA
"COLO704_OVARY","ovary","ovary_adenocarcinoma","serous",FALSE,TRUE,FALSE,NA,NA,NA,NA,NA,NA,NA
"COLO741_SKIN","skin","melanoma","",TRUE,TRUE,FALSE,"colo741","skin","Skin:Melanoma",NA,NA,NA,NA
"COLO783_SKIN","skin","melanoma","",FALSE,TRUE,FALSE,NA,NA,NA,NA,NA,NA,NA
"COLO800_SKIN","skin","melanoma","",FALSE,TRUE,FALSE,NA,NA,NA,NA,NA,NA,NA
"COLO829_SKIN","skin","melanoma","",TRUE,TRUE,FALSE,"colo829","skin","Skin:Melanoma",NA,NA,NA,NA
"CORL105_LUNG","lung","lung_NSC","lung_adenocarcinoma",TRUE,TRUE,FALSE,"corl105","lung","Lung:NSCLC_Adeno",NA,NA,NA,NA
"CORL23_LUNG","lung","lung_NSC","lung_large",TRUE,TRUE,FALSE,"corl23","lung","Lung:NSCLC_Large_Cell",NA,NA,NA,NA
"CORL279_LUNG","lung","lung_small","",FALSE,TRUE,FALSE,NA,NA,NA,NA,NA,NA,NA
"CORL88_LUNG","lung","lung_small","",FALSE,TRUE,FALSE,NA,NA,NA,NA,NA,NA,NA
"COV318_OVARY","ovary","ovary_adenocarcinoma","serous",TRUE,FALSE,FALSE,"cov318","ovary","Ovary:Carcinoma",NA,NA,NA,NA
"COV362_OVARY","ovary","ovary_adenocarcinoma","serous",TRUE,TRUE,FALSE,"cov362","ovary","Ovary:Carcinoma",NA,NA,NA,NA
"COV434_OVARY","ovary","granulosa","",FALSE,TRUE,FALSE,NA,NA,NA,NA,NA,NA,NA
"COV504_OVARY","ovary","","",FALSE,TRUE,FALSE,NA,NA,NA,NA,NA,NA,NA
"COV644_OVARY","ovary","","",FALSE,TRUE,FALSE,NA,NA,NA,NA,NA,NA,NA
"CW2_LARGE_INTESTINE","colorectal","colorectal_MSI","",TRUE,FALSE,FALSE,"cw2","large_intestine","Colorectal:Carcinoma",NA,NA,NA,NA
"CW9019_SOFT_TISSUE","rhabdomyosarcoma","","",FALSE,TRUE,FALSE,NA,NA,NA,NA,NA,NA,NA
"D283MED_CENTRAL_NERVOUS_SYSTEM","central_nervous_system","medulloblastoma","med_group_3",FALSE,TRUE,FALSE,NA,NA,NA,NA,NA,NA,NA
"D341MED_CENTRAL_NERVOUS_SYSTEM","central_nervous_system","medulloblastoma","med_group_3",FALSE,TRUE,FALSE,NA,NA,NA,NA,NA,NA,NA
"D384_CENTRAL_NERVOUS_SYSTEM","central_nervous_system","medulloblastoma","med_group_3",FALSE,TRUE,FALSE,NA,NA,NA,NA,NA,NA,NA
"D425_CENTRAL_NERVOUS_SYSTEM","central_nervous_system","medulloblastoma","med_group_3",FALSE,TRUE,FALSE,NA,NA,NA,NA,NA,NA,NA
"D458_CENTRAL_NERVOUS_SYSTEM","central_nervous_system","medulloblastoma","med_group_3",FALSE,TRUE,FALSE,NA,NA,NA,NA,NA,NA,NA
"D556_CENTRAL_NERVOUS_SYSTEM","central_nervous_system","medulloblastoma","",FALSE,TRUE,FALSE,NA,NA,NA,NA,NA,NA,NA
"DANG_PANCREAS","pancreas","","",TRUE,FALSE,FALSE,"dang","pancreas","Pancreas:Carcinoma",NA,NA,NA,NA
"DAOY_CENTRAL_NERVOUS_SYSTEM","central_nervous_system","medulloblastoma","non-MYC",TRUE,FALSE,FALSE,"daoy","central_nervous_system","CNS:Medulloblastoma",NA,NA,NA,NA
"DBTRG05MG_CENTRAL_NERVOUS_SYSTEM","central_nervous_system","glioma","glioblastoma",FALSE,TRUE,FALSE,NA,NA,NA,NA,NA,NA,NA
"DB_HAEMATOPOIETIC_AND_LYMPHOID_TISSUE","lymphoma","DLBCL","",FALSE,TRUE,FALSE,NA,NA,NA,NA,NA,NA,NA
"DETROIT562_UPPER_AERODIGESTIVE_TRACT","upper_aerodigestive","upper_aerodigestive_squamous","",TRUE,FALSE,FALSE,"detroit562","upper_aerodigestive_tract","Upper_Aerodigestive_Tract:Carcinoma",NA,NA,NA,NA
"DKMG_CENTRAL_NERVOUS_SYSTEM","central_nervous_system","glioma","glioblastoma",FALSE,TRUE,FALSE,NA,NA,NA,NA,NA,NA,NA
"DLD1_LARGE_INTESTINE","colorectal","","",TRUE,TRUE,FALSE,"dld1","large_intestine","Colorectal:Carcinoma",NA,NA,NA,NA
"DMS114_LUNG","lung","lung_small","",TRUE,TRUE,FALSE,"dms114","lung","Lung:SCLC",NA,NA,NA,NA
"DMS273_LUNG","lung","lung_small","",TRUE,TRUE,FALSE,"dms273","lung","Lung:SCLC",NA,NA,NA,NA
"DMS53_LUNG","lung","lung_small","",FALSE,TRUE,FALSE,NA,NA,NA,NA,NA,NA,NA
"DND41_HAEMATOPOIETIC_AND_LYMPHOID_TISSUE","leukemia","T-cell_ALL","",FALSE,TRUE,FALSE,NA,NA,NA,NA,NA,NA,NA
"DU145_PROSTATE","prostate","","",TRUE,TRUE,FALSE,"du145","prostate","Prostate:Carcinoma",NA,NA,NA,NA
"DU4475_BREAST","breast","TNBC","",FALSE,FALSE,TRUE,NA,NA,NA,"du4475","TNBC","basalb",NA
"EBC1_LUNG","lung","lung_NSC","lung_squamous",TRUE,TRUE,FALSE,"ebc1","lung","Lung:NSCLC_Squamous",NA,NA,NA,NA
"ECC10_STOMACH","gastric","gastric_small","",FALSE,TRUE,FALSE,NA,NA,NA,NA,NA,NA,NA
"ECGI10_OESOPHAGUS","esophagus","esophagus_squamous","",FALSE,TRUE,FALSE,NA,NA,NA,NA,NA,NA,NA
"EFE184_ENDOMETRIUM","uterus","uterus_endometrium","",FALSE,TRUE,FALSE,NA,NA,NA,NA,NA,NA,NA
"EFM192A_BREAST","breast","TPBC","",TRUE,FALSE,TRUE,"efm192a","breast","Breast:Carcinoma","efm192a","ERBB2","her2","LuminalA"
"EFM19_BREAST","breast","","",FALSE,TRUE,TRUE,NA,NA,NA,"efm19","ER","luminal","LuminalA"
"EFO21_OVARY","ovary","cysteadenocarcinoma","",FALSE,TRUE,FALSE,NA,NA,NA,NA,NA,NA,NA
"EFO27_OVARY","ovary","ovary_adenocarcinoma","ovary_mucinous",FALSE,TRUE,FALSE,NA,NA,NA,NA,NA,NA,NA
"EKVX_LUNG","lung","lung_NSC","lung_adenocarcinoma",FALSE,TRUE,FALSE,NA,NA,NA,NA,NA,NA,NA
"EN_ENDOMETRIUM","uterus","uterus_endometrium","",FALSE,TRUE,FALSE,NA,NA,NA,NA,NA,NA,NA
"EPLC272H_LUNG","lung","lung_NSC","lung_squamous",FALSE,TRUE,FALSE,NA,NA,NA,NA,NA,NA,NA
"ES2_OVARY","ovary","ovary_adenocarcinoma","ovary_clear_cell",FALSE,TRUE,FALSE,NA,NA,NA,NA,NA,NA,NA
"ESS1_ENDOMETRIUM","uterus","uterus_endometrium","",FALSE,TRUE,FALSE,NA,NA,NA,NA,NA,NA,NA
"EVSAT_BREAST","breast","ERneg","",FALSE,FALSE,TRUE,NA,NA,NA,"evsat","ER","luminal","HER2"
"EW8_BONE","","Ewings_sarcoma","",FALSE,TRUE,FALSE,NA,NA,NA,NA,NA,NA,NA
"EWS502_BONE","","","",FALSE,TRUE,FALSE,NA,NA,NA,NA,NA,NA,NA
"F36P_HAEMATOPOIETIC_AND_LYMPHOID_TISSUE","leukemia","AML","",FALSE,TRUE,FALSE,"f36p","haematopoietic_and_lymphoid_tissue","Leukemia:AML",NA,NA,NA,NA
"FADU_UPPER_AERODIGESTIVE_TRACT","upper_aerodigestive","upper_aerodigestive_squamous","",TRUE,TRUE,FALSE,"fadu","upper_aerodigestive_tract","Upper_Aerodigestive_Tract:Carcinoma",NA,NA,NA,NA
"FU97_STOMACH","gastric","gastric_adenocarcinoma","",FALSE,TRUE,FALSE,NA,NA,NA,NA,NA,NA,NA
"FUJI_SOFT_TISSUE","soft_tissue","synovial_sarcoma","",TRUE,FALSE,FALSE,"fuji","soft_tissue","Soft_Tissue:Sarcoma_Synovial",NA,NA,NA,NA
"FUOV1_OVARY","ovary","ovary_adenocarcinoma","serous",TRUE,FALSE,FALSE,"fuov1","ovary","Ovary:Carcinoma",NA,NA,NA,NA
"G361_SKIN","skin","melanoma","",FALSE,TRUE,FALSE,NA,NA,NA,NA,NA,NA,NA
"G401_SOFT_TISSUE","rhabdoid","","",TRUE,TRUE,FALSE,"g401","soft_tissue","Soft_Tissue:Sarcoma_Rhabdoid",NA,NA,NA,NA
"G402_SOFT_TISSUE","rhabdoid","","",TRUE,TRUE,FALSE,"g402","soft_tissue","Soft_Tissue:Sarcoma_Rhabdoid",NA,NA,NA,NA
"GAMG_CENTRAL_NERVOUS_SYSTEM","central_nervous_system","glioma","glioblastoma",TRUE,FALSE,FALSE,"gamg","central_nervous_system","CNS:Glioma",NA,NA,NA,NA
"GB1_CENTRAL_NERVOUS_SYSTEM","central_nervous_system","glioma","glioblastoma",TRUE,TRUE,FALSE,"gb1","central_nervous_system","CNS:Glioma_HighGrade",NA,NA,NA,NA
"GI1_CENTRAL_NERVOUS_SYSTEM","central_nervous_system","glioma","",TRUE,FALSE,FALSE,"gi1","central_nervous_system","CNS:Glioma",NA,NA,NA,NA
"GISTT1_GASTROINTESTINAL_TRACT",NA,NA,NA,TRUE,FALSE,FALSE,"gistt1","gastrointestinal_tract_(site_indeterminate)","Undefined:GIST",NA,NA,NA,NA
"GP2D_LARGE_INTESTINE","colorectal","colorectal_MSI","",TRUE,TRUE,FALSE,NA,NA,NA,NA,NA,NA,NA
"GSS_STOMACH","gastric","gastric_adenocarcinoma","",FALSE,TRUE,FALSE,NA,NA,NA,NA,NA,NA,NA
"GSU_STOMACH","gastric","gastric_adenocarcinoma","",FALSE,TRUE,FALSE,NA,NA,NA,NA,NA,NA,NA
"HBL100_BREAST","breast",NA,NA,FALSE,FALSE,TRUE,NA,NA,NA,"hbl100","TNBC","basalb","CL"
"HCC1008_BREAST","breast","","",FALSE,FALSE,TRUE,NA,NA,NA,"hcc1008","ER","luminal","LuminalA"
"HCC1143_BREAST","breast","TNBC","",FALSE,TRUE,TRUE,NA,NA,NA,"hcc1143","TNBC","basala","Basal"
"HCC1187_BREAST","breast","TNBC","",FALSE,TRUE,TRUE,NA,NA,NA,"hcc1187","TNBC","basala","Basal"
"HCC1359_LUNG","lung","lung_NSC","lung_large",TRUE,TRUE,FALSE,"hcc1359","lung","Lung:NSCLC_Large_Cell",NA,NA,NA,NA
"HCC1395_BREAST","breast","TNBC","",FALSE,TRUE,TRUE,NA,NA,NA,"hcc1395","TNBC","basalb","CL"
"HCC1419_BREAST","breast","HER2Amp","",FALSE,FALSE,TRUE,NA,NA,NA,"hcc1419","ERBB2","her2","LuminalA"
"HCC1428_BREAST","breast","ERpos","",FALSE,TRUE,FALSE,NA,NA,NA,"hcc1428","ER","luminal","LuminalB"
"HCC1500_BREAST","breast","TPBC","",TRUE,TRUE,TRUE,"hcc1500","breast","Breast:Carcinoma","hcc1500","ER","luminal","LuminalA"
"HCC1569_BREAST","breast","TNBC","",FALSE,TRUE,TRUE,NA,NA,NA,"hcc1569","ERBB2","basalb","Basal"
"HCC1599_BREAST","breast","HER2Amp","",FALSE,FALSE,TRUE,NA,NA,NA,"hcc1599","TNBC","basala","Basal"
"HCC15_LUNG","lung","lung_NSC","lung_squamous",TRUE,TRUE,FALSE,"hcc15","lung","Lung:NSCLC_Squamous",NA,NA,NA,NA
"HCC1806_BREAST","breast","TNBC","",TRUE,TRUE,TRUE,"hcc1806","breast","Breast:Carcinoma","hcc1806","TNBC","basala","Basal"
"HCC1833_LUNG","lung","lung_NSC","lung_adenocarcinoma",TRUE,FALSE,FALSE,"hcc1833","lung","Lung:NSCLC_Adeno",NA,NA,NA,NA
"HCC1937_BREAST","breast","TNBC","",FALSE,TRUE,TRUE,NA,NA,NA,"hcc1937","TNBC","basala","Basal"
"HCC1954_BREAST","breast","HER2Amp","",TRUE,TRUE,TRUE,"hcc1954","breast","Breast:Carcinoma","hcc1954","ERBB2","basala","HER2"
"HCC202_BREAST","breast","HER2Amp","",FALSE,TRUE,TRUE,NA,NA,NA,"hcc202","ERBB2","her2","HER2"
"HCC2185_BREAST","breast",NA,NA,FALSE,FALSE,TRUE,NA,NA,NA,"hcc2185","TNBC","luminal","LuminalB"
"HCC2218_BREAST","breast","HER2Amp","",FALSE,TRUE,TRUE,NA,NA,NA,"hcc2218","ERBB2","her2","LuminalA"
"HCC2429_LUNG","lung","lung_NSC","",FALSE,TRUE,FALSE,NA,NA,NA,NA,NA,NA,NA
"HCC2450_LUNG","lung","lung_NSC","lung_adenocarcinoma",FALSE,TRUE,FALSE,NA,NA,NA,NA,NA,NA,NA
"HCC2688_BREAST","breast",NA,NA,FALSE,FALSE,TRUE,NA,NA,NA,"hcc2688","TNBC","luminal","Basal"
"HCC2814_LUNG","lung","lung_NSC","lung_squamous",FALSE,TRUE,FALSE,NA,NA,NA,NA,NA,NA,NA
"HCC3153_BREAST","breast",NA,NA,FALSE,FALSE,TRUE,NA,NA,NA,"hcc3153","TNBC","basala","Basal"
"HCC33_LUNG","lung","lung_small","",FALSE,TRUE,FALSE,NA,NA,NA,NA,NA,NA,NA
"HCC364_LUNG","lung","lung_NSC","lung_adenocarcinoma",FALSE,TRUE,FALSE,NA,NA,NA,NA,NA,NA,NA
"HCC366_LUNG","lung","lung_NSC","lung_mixed",FALSE,TRUE,FALSE,NA,NA,NA,NA,NA,NA,NA
"HCC38_BREAST","breast","TNBC","",TRUE,TRUE,TRUE,"hcc38","breast","Breast:Carcinoma","hcc38","TNBC","basala","Basal"
"HCC4006_LUNG","lung","lung_NSC","lung_adenocarcinoma",TRUE,FALSE,FALSE,"hcc4006","lung","Lung:NSCLC_Adeno",NA,NA,NA,NA
"HCC44_LUNG","lung","lung_NSC","lung_adenocarcinoma",TRUE,TRUE,FALSE,"hcc44","lung","Lung:NSCLC_Adeno",NA,NA,NA,NA
"HCC461_LUNG","lung","lung_NSC","lung_adenocarcinoma",FALSE,TRUE,FALSE,NA,NA,NA,NA,NA,NA,NA
"HCC515_LUNG","lung","lung_NSC","lung_adenocarcinoma",FALSE,TRUE,FALSE,NA,NA,NA,NA,NA,NA,NA
"HCC70_BREAST","breast","TNBC","",FALSE,TRUE,TRUE,NA,NA,NA,"hcc70","TNBC","basala","Basal"
"HCC827GR5_LUNG","lung","lung_NSC","lung_adenocarcinoma",FALSE,TRUE,FALSE,NA,NA,NA,NA,NA,NA,NA
"HCC827GR_LUNG",NA,NA,NA,TRUE,FALSE,FALSE,"hcc827gr","lung","Lung:NSCLC_Adeno",NA,NA,NA,NA
"HCC827_LUNG","lung","lung_NSC","lung_adenocarcinoma",TRUE,TRUE,FALSE,"hcc827","lung","Lung:NSCLC_Adeno",NA,NA,NA,NA
"HCC95_LUNG","lung","lung_NSC","lung_squamous",TRUE,TRUE,FALSE,"hcc95","lung","Lung:NSCLC_Squamous",NA,NA,NA,NA
"HCT116_LARGE_INTESTINE","colorectal","colorectal_MSI","",TRUE,TRUE,FALSE,"hct116","large_intestine","Colorectal:Carcinoma",NA,NA,NA,NA
"HCT15_LARGE_INTESTINE","colorectal","colorectal_MSI","",TRUE,FALSE,FALSE,"hct15","large_intestine","Colorectal:Carcinoma",NA,NA,NA,NA
"HDQP1_BREAST","breast","TNBC","",FALSE,FALSE,TRUE,NA,NA,NA,"hdqp1","TNBC","basala","Normal"
"HEC1A_ENDOMETRIUM","uterus","uterus_endometrium","",TRUE,TRUE,FALSE,"hec1a","endometrium","Endometrium:Carcinoma",NA,NA,NA,NA
"HEC251_ENDOMETRIUM","uterus","uterus_endometrium","",FALSE,TRUE,FALSE,NA,NA,NA,NA,NA,NA,NA
"HEC265_ENDOMETRIUM","uterus","uterus_endometrium","",TRUE,FALSE,FALSE,"hec265","endometrium","Endometrium:Carcinoma",NA,NA,NA,NA
"HEC50B_ENDOMETRIUM","uterus","uterus_endometrium","",TRUE,TRUE,FALSE,"hec50b","endometrium","Endometrium:Carcinoma",NA,NA,NA,NA
"HEC59_ENDOMETRIUM","uterus","uterus_endometrium","",FALSE,TRUE,FALSE,NA,NA,NA,NA,NA,NA,NA
"HEC6_ENDOMETRIUM","uterus","uterus_endometrium","",TRUE,FALSE,FALSE,"hec6","endometrium","Endometrium:Carcinoma",NA,NA,NA,NA
"HEKTE_KIDNEY","kidney","renal","renal_immortalized",FALSE,TRUE,FALSE,NA,NA,NA,NA,NA,NA,NA
"HEL9217_HAEMATOPOIETIC_AND_LYMPHOID_TISSUE","leukemia","AML","",TRUE,FALSE,FALSE,"hel9217","haematopoietic_and_lymphoid_tissue","Leukemia:AML",NA,NA,NA,NA
"HELA_CERVIX","cervix","","",FALSE,TRUE,FALSE,NA,NA,NA,NA,NA,NA,NA
"HEL_HAEMATOPOIETIC_AND_LYMPHOID_TISSUE","leukemia","AML","",TRUE,TRUE,FALSE,"hel","haematopoietic_and_lymphoid_tissue","Leukemia:AML",NA,NA,NA,NA
"HEP3B217_LIVER","liver","","",TRUE,TRUE,FALSE,"hep3b217","liver","Liver:HCC",NA,NA,NA,NA
"HEPG2_LIVER","liver","","",TRUE,FALSE,FALSE,"hepg2","liver","Liver:HCC",NA,NA,NA,NA
"HEYA8_OVARY","ovary","ovary_adenocarcinoma","serous",TRUE,TRUE,FALSE,"heya8","ovary","Ovary:Carcinoma",NA,NA,NA,NA
"HGC27_STOMACH","gastric","","",TRUE,TRUE,FALSE,"hgc27","stomach","Gastric:Carcinoma",NA,NA,NA,NA
"HK2_KIDNEY","kidney","renal","renal_immortalized",FALSE,TRUE,FALSE,NA,NA,NA,NA,NA,NA,NA
"HL60_HAEMATOPOIETIC_AND_LYMPHOID_TISSUE","leukemia","AML","",FALSE,TRUE,FALSE,NA,NA,NA,NA,NA,NA,NA
"HLC1_LUNG","lung","lung_NSC","lung_adenocarcinoma",FALSE,TRUE,FALSE,NA,NA,NA,NA,NA,NA,NA
"HLE_LIVER","liver","","",TRUE,FALSE,FALSE,"hle","liver","Liver:HCC",NA,NA,NA,NA
"HLF_LIVER","liver","","",TRUE,TRUE,FALSE,"hlf","liver","Liver:HCC",NA,NA,NA,NA
"HMC18_BREAST","breast","","",TRUE,FALSE,FALSE,"hmc18","breast","Breast:Carcinoma",NA,NA,NA,NA
"HNT34_HAEMATOPOIETIC_AND_LYMPHOID_TISSUE","leukemia","AML","",FALSE,TRUE,FALSE,NA,NA,NA,NA,NA,NA,NA
"HOP62_LUNG","lung","lung_NSC","lung_adenocarcinoma",FALSE,TRUE,FALSE,NA,NA,NA,NA,NA,NA,NA
"HPAC_PANCREAS","pancreas","","",FALSE,TRUE,FALSE,NA,NA,NA,NA,NA,NA,NA
"HPAFII_PANCREAS","pancreas","","",FALSE,TRUE,FALSE,NA,NA,NA,NA,NA,NA,NA
"HRT18_LARGE_INTESTINE","colorectal","colorectal_MSI","",TRUE,FALSE,FALSE,"hrt18","large_intestine","Colorectal:Carcinoma",NA,NA,NA,NA
"HS294T_SKIN","skin","melanoma","",TRUE,TRUE,FALSE,"hs294t","skin","Skin:Melanoma",NA,NA,NA,NA
"HS578T_BREAST","breast","TNBC","",TRUE,TRUE,TRUE,"hs578t","breast","Breast:Carcinoma","hs578t","TNBC","basalb","CL"
"HS683_CENTRAL_NERVOUS_SYSTEM","central_nervous_system","glioma","oligodendroglioma",FALSE,TRUE,FALSE,NA,NA,NA,NA,NA,NA,NA
"HS695T_SKIN","skin","melanoma","",TRUE,FALSE,FALSE,"hs695t","skin","Skin:Melanoma",NA,NA,NA,NA
"HS729_SOFT_TISSUE","rhabdomyosarcoma","","",TRUE,FALSE,FALSE,"hs729","soft_tissue","Soft_Tissue:Sarcoma_Rhabdoid",NA,NA,NA,NA
"HS766T_PANCREAS","pancreas","","",FALSE,TRUE,FALSE,NA,NA,NA,NA,NA,NA,NA
"HS852T_SKIN","skin","melanoma","",TRUE,FALSE,FALSE,"hs852t","skin","Skin:Melanoma",NA,NA,NA,NA
"HS939T_SKIN","skin","melanoma","",TRUE,FALSE,FALSE,"hs939t","skin","Skin:Melanoma",NA,NA,NA,NA
"HS944T_SKIN","skin","melanoma","",TRUE,TRUE,FALSE,"hs944t","skin","Skin:Melanoma",NA,NA,NA,NA
"HSC2_UPPER_AERODIGESTIVE_TRACT","upper_aerodigestive","upper_aerodigestive_squamous","",FALSE,TRUE,FALSE,NA,NA,NA,NA,NA,NA,NA
"HSC3_UPPER_AERODIGESTIVE_TRACT","upper_aerodigestive","upper_aerodigestive_squamous","",TRUE,TRUE,FALSE,"hsc3","upper_aerodigestive_tract","Upper_Aerodigestive_Tract:Carcinoma",NA,NA,NA,NA
"HSSYII_LUNG",NA,NA,NA,TRUE,FALSE,FALSE,NA,NA,NA,NA,NA,NA,NA
"HT1080_SOFT_TISSUE","soft_tissue","fibrosarcoma","",TRUE,TRUE,FALSE,"ht1080","soft_tissue","Soft_Tissue:Sarcoma_Fibro",NA,NA,NA,NA
"HT115_LARGE_INTESTINE","colorectal","","",TRUE,FALSE,FALSE,"ht115","large_intestine","Colorectal:Carcinoma",NA,NA,NA,NA
"HT1197_URINARY_TRACT","urinary_tract","","",TRUE,TRUE,FALSE,"ht1197","urinary_tract","Bladder:Carcinoma",NA,NA,NA,NA
"HT1376_URINARY_TRACT","urinary_tract","","",TRUE,FALSE,FALSE,"ht1376","urinary_tract","Bladder:Carcinoma",NA,NA,NA,NA
"HT144_SKIN","skin","melanoma","",FALSE,TRUE,FALSE,NA,NA,NA,NA,NA,NA,NA
"HT29_LARGE_INTESTINE","colorectal","","",TRUE,TRUE,FALSE,"ht29","large_intestine","Colorectal:Carcinoma",NA,NA,NA,NA
"HT55_LARGE_INTESTINE","colorectal","","",TRUE,TRUE,FALSE,"ht55","large_intestine","Colorectal:Carcinoma",NA,NA,NA,NA
"HUG1N_STOMACH","gastric","gastric_adenocarcinoma","",TRUE,TRUE,FALSE,"hug1n","stomach","Gastric:Carcinoma",NA,NA,NA,NA
"HUH1_LIVER","liver","","",TRUE,TRUE,FALSE,"huh1","liver","Liver:HCC",NA,NA,NA,NA
"HUH6_LIVER","liver","hepatoblastoma","",TRUE,FALSE,FALSE,"huh6","liver","Liver:Hepatoblastoma",NA,NA,NA,NA
"HUH7_LIVER","liver","","",TRUE,FALSE,FALSE,"huh7","liver","Liver:HCC",NA,NA,NA,NA
"HUPT3_PANCREAS","pancreas","","",TRUE,TRUE,FALSE,"hupt3","pancreas","Pancreas:Carcinoma",NA,NA,NA,NA
"HUPT4_PANCREAS","pancreas","","",TRUE,FALSE,FALSE,"hupt4","pancreas","Pancreas:Carcinoma",NA,NA,NA,NA
"HUTU80_SMALL_INTESTINE","small_intestine","","",FALSE,TRUE,FALSE,NA,NA,NA,NA,NA,NA,NA
"IALM_LUNG","lung","lung_NSC","lung_large",FALSE,TRUE,FALSE,NA,NA,NA,NA,NA,NA,NA
"IGR1_SKIN","skin","melanoma","",TRUE,TRUE,FALSE,"igr1","skin","Skin:Melanoma",NA,NA,NA,NA
"IGR37_SKIN","skin","melanoma","",TRUE,FALSE,FALSE,"igr37","skin","Skin:Melanoma",NA,NA,NA,NA
"IGR39_SKIN","skin","melanoma","",TRUE,TRUE,FALSE,"igr39","skin","Skin:Melanoma",NA,NA,NA,NA
"IGROV1_OVARY","ovary","ovary_adenocarcinoma","",TRUE,TRUE,FALSE,"igrov1","ovary","Ovary:Carcinoma",NA,NA,NA,NA
"IM95_STOMACH","gastric","gastric_adenocarcinoma","",TRUE,TRUE,FALSE,"im95","stomach","Gastric:Carcinoma",NA,NA,NA,NA
"INA6_HAEMATOPOIETIC_AND_LYMPHOID_TISSUE","multiple_myeloma","","",FALSE,TRUE,FALSE,NA,NA,NA,NA,NA,NA,NA
"IOMMLEE_CENTRAL_NERVOUS_SYSTEM","central_nervous_system","meningioma","",FALSE,TRUE,FALSE,NA,NA,NA,NA,NA,NA,NA
"IPC298_SKIN","skin","melanoma","",TRUE,TRUE,FALSE,"ipc298","skin","Skin:Melanoma",NA,NA,NA,NA
"ISHIKAWAHERAKLIO02ER_ENDOMETRIUM","uterus","uterus_endometrium","",TRUE,FALSE,FALSE,"ishikawaheraklio02er","endometrium","Endometrium:Carcinoma",NA,NA,NA,NA
"JHESOAD1_OESOPHAGUS","esophagus","esophagus_adenocarcinoma","",FALSE,TRUE,FALSE,NA,NA,NA,NA,NA,NA,NA
"JHH1_LIVER","liver","","",FALSE,TRUE,FALSE,NA,NA,NA,NA,NA,NA,NA
"JHH5_LIVER","liver","","",FALSE,TRUE,FALSE,NA,NA,NA,NA,NA,NA,NA
"JHH6_LIVER","liver","","",TRUE,FALSE,FALSE,"jhh6","liver","Liver:HCC",NA,NA,NA,NA
"JHH7_LIVER","liver","","",TRUE,FALSE,FALSE,"jhh7","liver","Liver:HCC",NA,NA,NA,NA
"JHOC5_OVARY","ovary","ovary_adenocarcinoma","ovary_clear_cell",FALSE,TRUE,FALSE,NA,NA,NA,NA,NA,NA,NA
"JHOM1_OVARY","ovary","ovary_adenocarcinoma","ovary_mucinous",FALSE,TRUE,FALSE,NA,NA,NA,NA,NA,NA,NA
"JHOS2_OVARY","ovary","ovary_adenocarcinoma","serous",TRUE,TRUE,FALSE,NA,NA,NA,NA,NA,NA,NA
"JHUEM2_ENDOMETRIUM","uterus","uterus_endometrium","",TRUE,TRUE,FALSE,"jhuem2","endometrium","Endometrium:Carcinoma",NA,NA,NA,NA
"JIMT1_BREAST","breast","HER2Amp","",TRUE,FALSE,TRUE,"jimt1","breast","Breast:Carcinoma","jimt1","TNBC","basala","Basal"
"JJN3_HAEMATOPOIETIC_AND_LYMPHOID_TISSUE","multiple_myeloma","","",FALSE,TRUE,FALSE,NA,NA,NA,NA,NA,NA,NA
"JL1_PLEURA","mesothelioma","","",TRUE,FALSE,FALSE,"jl1","pleura","Lung:Mesothelioma",NA,NA,NA,NA
"JMSU1_URINARY_TRACT","urinary_tract","","",TRUE,FALSE,FALSE,"jmsu1","urinary_tract","Bladder:Carcinoma",NA,NA,NA,NA
"JR_SOFT_TISSUE","rhabdomyosarcoma","","",FALSE,TRUE,FALSE,NA,NA,NA,NA,NA,NA,NA
"K029AX_SKIN","skin","melanoma","",TRUE,TRUE,FALSE,"k029ax","skin","Skin:Melanoma",NA,NA,NA,NA
"K562_HAEMATOPOIETIC_AND_LYMPHOID_TISSUE","leukemia","CML","",FALSE,TRUE,FALSE,NA,NA,NA,NA,NA,NA,NA
"KALS1_CENTRAL_NERVOUS_SYSTEM","central_nervous_system","glioma","glioblastoma",FALSE,TRUE,FALSE,NA,NA,NA,NA,NA,NA,NA
"KARPAS422_HAEMATOPOIETIC_AND_LYMPHOID_TISSUE","lymphoma","DLBCL","",FALSE,TRUE,FALSE,NA,NA,NA,NA,NA,NA,NA
"KASUMI1_HAEMATOPOIETIC_AND_LYMPHOID_TISSUE","leukemia","AML","",TRUE,TRUE,FALSE,"kasumi1","haematopoietic_and_lymphoid_tissue","Leukemia:AML",NA,NA,NA,NA
"KASUMI2_HAEMATOPOIETIC_AND_LYMPHOID_TISSUE","leukemia","B-cell_ALL","",TRUE,FALSE,FALSE,"kasumi2","haematopoietic_and_lymphoid_tissue","Leukemia:ALL",NA,NA,NA,NA
"KATOIII_STOMACH","gastric","gastric_adenocarcinoma","",FALSE,TRUE,FALSE,NA,NA,NA,NA,NA,NA,NA
"KD_SOFT_TISSUE","rhabdoid","","",FALSE,TRUE,FALSE,NA,NA,NA,NA,NA,NA,NA
"KE39_STOMACH","gastric","gastric_adenocarcinoma","",FALSE,TRUE,FALSE,NA,NA,NA,NA,NA,NA,NA
"KELLY_AUTONOMIC_GANGLIA","peripheral_nervous_system","neuroblastoma","",TRUE,FALSE,FALSE,"kelly","autonomic_ganglia","PNET:Neuroblastoma",NA,NA,NA,NA
"KM12_LARGE_INTESTINE","colorectal","colorectal_MSI","",TRUE,TRUE,FALSE,"km12","large_intestine","Colorectal:Carcinoma",NA,NA,NA,NA
"KMM1_HAEMATOPOIETIC_AND_LYMPHOID_TISSUE","multiple_myeloma","","",FALSE,TRUE,FALSE,NA,NA,NA,NA,NA,NA,NA
"KMRC1_KIDNEY","kidney","","",TRUE,TRUE,FALSE,NA,NA,NA,NA,NA,NA,NA
"KMRC20_KIDNEY","kidney","","",TRUE,FALSE,FALSE,"kmrc20","kidney","Kidney:Carcinoma",NA,NA,NA,NA
"KMRC2_KIDNEY","kidney","","",FALSE,TRUE,FALSE,NA,NA,NA,NA,NA,NA,NA
"KMS12BM_HAEMATOPOIETIC_AND_LYMPHOID_TISSUE","multiple_myeloma","","",FALSE,TRUE,FALSE,NA,NA,NA,NA,NA,NA,NA
"KMS18_HAEMATOPOIETIC_AND_LYMPHOID_TISSUE","multiple_myeloma","","",FALSE,TRUE,FALSE,NA,NA,NA,NA,NA,NA,NA
"KMS27_HAEMATOPOIETIC_AND_LYMPHOID_TISSUE","multiple_myeloma","","",TRUE,FALSE,FALSE,"kms27","haematopoietic_and_lymphoid_tissue","Lymphoma:Multiple_Myeloma",NA,NA,NA,NA
"KMS28BM_HAEMATOPOIETIC_AND_LYMPHOID_TISSUE","multiple_myeloma","","",TRUE,FALSE,FALSE,"kms28bm","haematopoietic_and_lymphoid_tissue","Lymphoma:Multiple_Myeloma",NA,NA,NA,NA
"KMS34_HAEMATOPOIETIC_AND_LYMPHOID_TISSUE","multiple_myeloma","","",TRUE,FALSE,FALSE,"kms34","haematopoietic_and_lymphoid_tissue","Lymphoma:Multiple_Myeloma",NA,NA,NA,NA
"KNS42_CENTRAL_NERVOUS_SYSTEM","central_nervous_system","glioma","glioblastoma",TRUE,FALSE,FALSE,"kns42","central_nervous_system","CNS:Glioma",NA,NA,NA,NA
"KNS60_CENTRAL_NERVOUS_SYSTEM","central_nervous_system","glioma","glioblastoma",FALSE,TRUE,FALSE,NA,NA,NA,NA,NA,NA,NA
"KNS62_LUNG","lung","lung_NSC","lung_squamous",TRUE,TRUE,FALSE,"kns62","lung","Lung:NSCLC_Squamous",NA,NA,NA,NA
"KNS81_CENTRAL_NERVOUS_SYSTEM","central_nervous_system","glioma","glioblastoma",TRUE,TRUE,FALSE,"kns81","central_nervous_system","CNS:Glioma_HighGrade",NA,NA,NA,NA
"KP1NL_PANCREAS","pancreas","","",FALSE,TRUE,FALSE,NA,NA,NA,NA,NA,NA,NA
"KP1N_PANCREAS","pancreas","","",TRUE,FALSE,FALSE,"kp1n","pancreas","Pancreas:Carcinoma",NA,NA,NA,NA
"KP2_PANCREAS","pancreas","","",FALSE,TRUE,FALSE,NA,NA,NA,NA,NA,NA,NA
"KP3_PANCREAS","pancreas","","",TRUE,FALSE,FALSE,"kp3","pancreas","Pancreas:Carcinoma",NA,NA,NA,NA
"KP4_PANCREAS","pancreas","","",TRUE,TRUE,FALSE,"kp4","pancreas","Pancreas:Carcinoma",NA,NA,NA,NA
"KPL1_BREAST","breast","ERpos","",TRUE,TRUE,TRUE,"kpl1","breast","Breast:Carcinoma","kpl1","ER","luminal","LuminalB"
"KPNSI9S_AUTONOMIC_GANGLIA","peripheral_nervous_system","neuroblastoma","",TRUE,FALSE,FALSE,"kpnsi9s","autonomic_ganglia","PNET:Neuroblastoma",NA,NA,NA,NA
"KPNYN_AUTONOMIC_GANGLIA","peripheral_nervous_system","neuroblastoma","",TRUE,FALSE,FALSE,"kpnyn","autonomic_ganglia","PNET:Neuroblastoma",NA,NA,NA,NA
"KS1_CENTRAL_NERVOUS_SYSTEM","central_nervous_system","glioma","astrocytoma",TRUE,FALSE,FALSE,"ks1","central_nervous_system","CNS:Glioma_HighGrade",NA,NA,NA,NA
"KU1919_URINARY_TRACT","urinary_tract","","",TRUE,FALSE,FALSE,"ku1919","urinary_tract","Bladder:Carcinoma",NA,NA,NA,NA
"KURAMOCHI_OVARY","ovary","ovary_adenocarcinoma","serous",FALSE,TRUE,FALSE,NA,NA,NA,NA,NA,NA,NA
"KYM1_SOFT_TISSUE","rhabdoid","","",TRUE,FALSE,FALSE,"kym1","soft_tissue","Soft_Tissue:Sarcoma_Rhabdoid",NA,NA,NA,NA
"KYSE140_OESOPHAGUS","esophagus","esophagus_squamous","",FALSE,TRUE,FALSE,NA,NA,NA,NA,NA,NA,NA
"KYSE150_OESOPHAGUS","esophagus","esophagus_squamous","",TRUE,TRUE,FALSE,"kyse150","oesophagus","Oesophagus:Carcinoma",NA,NA,NA,NA
"KYSE180_OESOPHAGUS","esophagus","esophagus_squamous","",TRUE,TRUE,FALSE,"kyse180","oesophagus","Oesophagus:Carcinoma",NA,NA,NA,NA
"KYSE30_OESOPHAGUS","esophagus","esophagus_squamous","",TRUE,TRUE,FALSE,"kyse30","oesophagus","Oesophagus:Carcinoma",NA,NA,NA,NA
"KYSE410_OESOPHAGUS","esophagus","esophagus_squamous","",TRUE,FALSE,FALSE,"kyse410","oesophagus","Oesophagus:Carcinoma",NA,NA,NA,NA
"KYSE450_OESOPHAGUS","esophagus","esophagus_squamous","",TRUE,TRUE,FALSE,"kyse450","oesophagus","Oesophagus:Carcinoma",NA,NA,NA,NA
"KYSE510_OESOPHAGUS","esophagus","esophagus_squamous","",TRUE,TRUE,FALSE,"kyse510","oesophagus","Oesophagus:Carcinoma",NA,NA,NA,NA
"KYSE520_OESOPHAGUS","esophagus","esophagus_squamous","",FALSE,TRUE,FALSE,NA,NA,NA,NA,NA,NA,NA
"KYSE70_OESOPHAGUS","esophagus","esophagus_squamous","",TRUE,TRUE,FALSE,"kyse70","oesophagus","Oesophagus:Carcinoma",NA,NA,NA,NA
"L33_PANCREAS","pancreas","","",TRUE,TRUE,FALSE,"l33","pancreas","Pancreas:Carcinoma",NA,NA,NA,NA
"L363_HAEMATOPOIETIC_AND_LYMPHOID_TISSUE","multiple_myeloma","","",FALSE,TRUE,FALSE,NA,NA,NA,NA,NA,NA,NA
"LAMA84_HAEMATOPOIETIC_AND_LYMPHOID_TISSUE","leukemia","CML","",FALSE,TRUE,FALSE,NA,NA,NA,NA,NA,NA,NA
"LC1SQSF_LUNG","lung","lung_NSC","lung_squamous",FALSE,TRUE,FALSE,NA,NA,NA,NA,NA,NA,NA
"LCLC103H_LUNG","lung","lung_NSC","lung_large",TRUE,TRUE,FALSE,"lclc103h","lung","Lung:NSCLC_Large_Cell",NA,NA,NA,NA
"LCLC97TM1_LUNG","lung","lung_NSC","lung_large",FALSE,TRUE,FALSE,NA,NA,NA,NA,NA,NA,NA
"LI7_LIVER","liver","","",TRUE,FALSE,FALSE,"li7","liver","Liver:HCC",NA,NA,NA,NA
"LK2_LUNG","lung","lung_NSC","lung_squamous",TRUE,TRUE,FALSE,"lk2","lung","Lung:NSCLC_Squamous",NA,NA,NA,NA
"LMSU_STOMACH","gastric","","",TRUE,FALSE,FALSE,"lmsu","stomach","Gastric:Carcinoma",NA,NA,NA,NA
"LN18_CENTRAL_NERVOUS_SYSTEM","central_nervous_system","glioma","glioblastoma",TRUE,TRUE,FALSE,"ln18","central_nervous_system","CNS:Glioma_HighGrade",NA,NA,NA,NA
"LN215_CENTRAL_NERVOUS_SYSTEM","central_nervous_system","glioma","glioblastoma",FALSE,TRUE,FALSE,NA,NA,NA,NA,NA,NA,NA
"LN229_CENTRAL_NERVOUS_SYSTEM","central_nervous_system","glioma","glioblastoma",TRUE,TRUE,FALSE,"ln229","central_nervous_system","CNS:Glioma_HighGrade",NA,NA,NA,NA
"LN235_CENTRAL_NERVOUS_SYSTEM","central_nervous_system","glioma","astrocytoma",FALSE,TRUE,FALSE,NA,NA,NA,NA,NA,NA,NA
"LN319_CENTRAL_NERVOUS_SYSTEM","central_nervous_system","glioma","astrocytoma",FALSE,TRUE,FALSE,NA,NA,NA,NA,NA,NA,NA
"LN340_CENTRAL_NERVOUS_SYSTEM","central_nervous_system","glioma","glioblastoma",FALSE,TRUE,FALSE,NA,NA,NA,NA,NA,NA,NA
"LN382_CENTRAL_NERVOUS_SYSTEM","central_nervous_system","glioma","glioblastoma",FALSE,TRUE,FALSE,NA,NA,NA,NA,NA,NA,NA
"LN428_CENTRAL_NERVOUS_SYSTEM","central_nervous_system","glioma","glioblastoma",FALSE,TRUE,FALSE,NA,NA,NA,NA,NA,NA,NA
"LN443_CENTRAL_NERVOUS_SYSTEM","central_nervous_system","glioma","glioblastoma",FALSE,TRUE,FALSE,NA,NA,NA,NA,NA,NA,NA
"LN464_CENTRAL_NERVOUS_SYSTEM","central_nervous_system","glioma","glioblastoma",FALSE,TRUE,FALSE,NA,NA,NA,NA,NA,NA,NA
"LNCAPCLONEFGC_PROSTATE","prostate","","",TRUE,TRUE,FALSE,"lncapclonefgc","prostate","Prostate:Carcinoma",NA,NA,NA,NA
"LNZ308_CENTRAL_NERVOUS_SYSTEM","central_nervous_system","glioma","glioblastoma",FALSE,TRUE,FALSE,NA,NA,NA,NA,NA,NA,NA
"LOUNH91_LUNG","lung","lung_NSC","lung_squamous",FALSE,TRUE,FALSE,NA,NA,NA,NA,NA,NA,NA
"LOVO_LARGE_INTESTINE","colorectal","colorectal_MSI","",TRUE,TRUE,FALSE,"lovo","large_intestine","Colorectal:Carcinoma",NA,NA,NA,NA
"LOXIMVI_SKIN","skin","melanoma","",TRUE,TRUE,FALSE,"loximvi","skin","Skin:Melanoma",NA,NA,NA,NA
"LS180_LARGE_INTESTINE","colorectal","colorectal_MSI","",TRUE,TRUE,FALSE,"ls180","large_intestine","Colorectal:Carcinoma",NA,NA,NA,NA
"LS411N_LARGE_INTESTINE","colorectal","colorectal_MSI","",TRUE,TRUE,FALSE,"ls411n","large_intestine","Colorectal:Carcinoma",NA,NA,NA,NA
"LS513_LARGE_INTESTINE","colorectal","","",TRUE,TRUE,FALSE,"ls513","large_intestine","Colorectal:Carcinoma",NA,NA,NA,NA
"LU65_LUNG","lung","lung_NSC","lung_large",FALSE,TRUE,FALSE,NA,NA,NA,NA,NA,NA,NA
"LU99_LUNG","lung","lung_NSC","lung_large",FALSE,TRUE,FALSE,NA,NA,NA,NA,NA,NA,NA
"LUDLU1_LUNG","lung","lung_NSC","lung_squamous",TRUE,TRUE,FALSE,"ludlu1","lung","Lung:NSCLC_Squamous",NA,NA,NA,NA
"LXF289_LUNG","lung","lung_NSC","lung_adenocarcinoma",FALSE,TRUE,FALSE,NA,NA,NA,NA,NA,NA,NA
"LY2_BREAST","breast",NA,NA,FALSE,FALSE,TRUE,NA,NA,NA,"ly2","ER","luminal","LuminalA"
"M059K_CENTRAL_NERVOUS_SYSTEM","central_nervous_system","glioma","glioblastoma",FALSE,TRUE,FALSE,NA,NA,NA,NA,NA,NA,NA
"MACLS2_BREAST","breast",NA,NA,FALSE,FALSE,TRUE,NA,NA,NA,"macls2","TNBC","basala","Normal"
"MB157_BREAST","breast","","",FALSE,FALSE,TRUE,NA,NA,NA,"mb157","TNBC","basalb","Basal"
"MCF10A_BREAST","breast","breast_immortalized","",FALSE,FALSE,TRUE,NA,NA,NA,"mcf10a","TNBC","basalb","Normal"
"MCF12A_BREAST","breast",NA,NA,FALSE,FALSE,TRUE,NA,NA,NA,"mcf12a","ER","basalb","Normal"
"MCF7_BREAST","breast","ERpos","",TRUE,TRUE,TRUE,"mcf7","breast","Breast:Carcinoma","mcf7","ER","luminal","LuminalA"
"MDAMB134VI_BREAST","breast","ERpos","",FALSE,FALSE,TRUE,NA,NA,NA,"mdamb134vi","ER","luminal","LuminalB"
"MDAMB157_BREAST","breast","TNBC","",TRUE,TRUE,TRUE,"mdamb157","breast","Breast:Carcinoma","mdamb157","TNBC","basalb","CL"
"MDAMB175VII_BREAST","breast","ERpos","",FALSE,TRUE,FALSE,NA,NA,NA,"mdamb175vii","ER","luminal","LuminalA"
"MDAMB231_BREAST","breast","TNBC","",TRUE,TRUE,TRUE,"mdamb231","breast","Breast:Carcinoma","mdamb231","TNBC","basalb","CL"
"MDAMB330_BREAST","breast","","",FALSE,FALSE,TRUE,NA,NA,NA,"mdamb330","ERBB2","her2","LuminalA"
"MDAMB361_BREAST","breast","HER2Amp","",FALSE,TRUE,TRUE,NA,NA,NA,"mdamb361","ERBB2","her2","HER2"
"MDAMB415_BREAST","breast","ERpos","",TRUE,TRUE,TRUE,"mdamb415","breast","Breast:Carcinoma","mdamb415","ER","luminal","LuminalA"
"MDAMB435S_SKIN","skin","melanoma","",FALSE,TRUE,FALSE,NA,NA,NA,NA,NA,NA,NA
"MDAMB436_BREAST","breast","TNBC","",TRUE,TRUE,TRUE,"mdamb436","breast","Breast:Carcinoma","mdamb436","TNBC","basalb","CL"
"MDAMB453_BREAST","breast","TNBC","",TRUE,TRUE,TRUE,"mdamb453","breast","Breast:Carcinoma","mdamb453","TNBC","luminal","LuminalA"
"MDAMB468_BREAST","breast","TNBC","",TRUE,TRUE,TRUE,"mdamb468","breast","Breast:Carcinoma","mdamb468","TNBC","basala","Basal"
"MDAPCA2B_PROSTATE","prostate","","",FALSE,TRUE,FALSE,NA,NA,NA,NA,NA,NA,NA
"MDST8_LARGE_INTESTINE","colorectal","","",TRUE,FALSE,FALSE,"mdst8","large_intestine","Colorectal:Carcinoma",NA,NA,NA,NA
"ME180_CERVIX","cervix","","",TRUE,FALSE,FALSE,"me180","cervix","Cervix:Carcinoma",NA,NA,NA,NA
"MEL285_UVEA",NA,NA,NA,TRUE,FALSE,FALSE,NA,NA,NA,NA,NA,NA,NA
"MELHO_SKIN","skin","melanoma","",TRUE,TRUE,FALSE,"melho","skin","Skin:Melanoma",NA,NA,NA,NA
"MELJUSO_SKIN","skin","melanoma","",TRUE,TRUE,FALSE,"meljuso","skin","Skin:Melanoma",NA,NA,NA,NA
"MEWO_SKIN","skin","melanoma","",TRUE,TRUE,FALSE,"mewo","skin","Skin:Melanoma",NA,NA,NA,NA
"MFE280_ENDOMETRIUM","uterus","uterus_endometrium","",TRUE,TRUE,FALSE,"mfe280","endometrium","Endometrium:Carcinoma",NA,NA,NA,NA
"MFE296_ENDOMETRIUM","uterus","uterus_endometrium","",TRUE,FALSE,FALSE,"mfe296","endometrium","Endometrium:Carcinoma",NA,NA,NA,NA
"MFE319_ENDOMETRIUM","uterus","uterus_endometrium","",TRUE,FALSE,FALSE,"mfe319","endometrium","Endometrium:Carcinoma",NA,NA,NA,NA
"MFM223_BREAST","breast",NA,NA,FALSE,FALSE,TRUE,NA,NA,NA,"mfm223","TNBC","luminal","LuminalB"
"MHHES1_BONE","bone","Ewings_sarcoma","",FALSE,TRUE,FALSE,NA,NA,NA,NA,NA,NA,NA
"MIAPACA2_PANCREAS","pancreas","","",TRUE,TRUE,FALSE,"miapaca2","pancreas","Pancreas:Carcinoma",NA,NA,NA,NA
"MKL1_SKIN","skin","Merkel","",FALSE,TRUE,FALSE,NA,NA,NA,NA,NA,NA,NA
"MKL2_SKIN","skin","Merkel","",FALSE,TRUE,FALSE,NA,NA,NA,NA,NA,NA,NA
"MKN1_STOMACH","gastric","gastric_adenosquamous","",TRUE,TRUE,FALSE,"mkn1","stomach","Gastric:Carcinoma",NA,NA,NA,NA
"MKN45_STOMACH","gastric","gastric_adenocarcinoma","",TRUE,TRUE,FALSE,"mkn45","stomach","Gastric:Carcinoma",NA,NA,NA,NA
"MKN7_STOMACH","gastric","gastric_adenocarcinoma","",TRUE,TRUE,FALSE,"mkn7","stomach","Gastric:Carcinoma",NA,NA,NA,NA
"MM1S_HAEMATOPOIETIC_AND_LYMPHOID_TISSUE","multiple_myeloma","","",FALSE,TRUE,FALSE,NA,NA,NA,NA,NA,NA,NA
"MOLM13_HAEMATOPOIETIC_AND_LYMPHOID_TISSUE","leukemia","AML","",TRUE,TRUE,FALSE,"molm13","haematopoietic_and_lymphoid_tissue","Leukemia:AML",NA,NA,NA,NA
"MOLM16_HAEMATOPOIETIC_AND_LYMPHOID_TISSUE","leukemia","AML","",TRUE,FALSE,FALSE,"molm16","haematopoietic_and_lymphoid_tissue","Leukemia:AML",NA,NA,NA,NA
"MONOMAC1_HAEMATOPOIETIC_AND_LYMPHOID_TISSUE","leukemia","AML","",TRUE,TRUE,FALSE,"monomac1","haematopoietic_and_lymphoid_tissue","Leukemia:AML",NA,NA,NA,NA
"MONOMAC6_HAEMATOPOIETIC_AND_LYMPHOID_TISSUE","leukemia","AML","",TRUE,TRUE,FALSE,"monomac6","haematopoietic_and_lymphoid_tissue","Leukemia:AML",NA,NA,NA,NA
"MORCPR_LUNG","lung","lung_NSC","lung_adenocarcinoma",FALSE,TRUE,FALSE,NA,NA,NA,NA,NA,NA,NA
"MPP89_PLEURA","mesothelioma","","",TRUE,FALSE,FALSE,"mpp89","pleura","Lung:Mesothelioma",NA,NA,NA,NA
"MV411_HAEMATOPOIETIC_AND_LYMPHOID_TISSUE","leukemia","AML","",FALSE,TRUE,FALSE,NA,NA,NA,NA,NA,NA,NA
"MX1_BREAST","breast",NA,NA,FALSE,FALSE,TRUE,NA,NA,NA,"mx1","TNBC","basalb","Basal"
"NALM6_HAEMATOPOIETIC_AND_LYMPHOID_TISSUE","leukemia","B-cell_ALL","",FALSE,TRUE,FALSE,NA,NA,NA,NA,NA,NA,NA
"NB1_AUTONOMIC_GANGLIA","peripheral_nervous_system","neuroblastoma","",TRUE,FALSE,FALSE,"nb1","autonomic_ganglia","PNET:Neuroblastoma",NA,NA,NA,NA
"NB4_HAEMATOPOIETIC_AND_LYMPHOID_TISSUE","leukemia","AML","",FALSE,TRUE,FALSE,NA,NA,NA,NA,NA,NA,NA
"NCCSTCK140_STOMACH","gastric","","",FALSE,TRUE,FALSE,NA,NA,NA,NA,NA,NA,NA
"NCIH1048_LUNG","lung","lung_small","",TRUE,TRUE,FALSE,"ncih1048","lung","Lung:SCLC",NA,NA,NA,NA
"NCIH1105_LUNG","lung","lung_small","",FALSE,TRUE,FALSE,NA,NA,NA,NA,NA,NA,NA
"NCIH1155_LUNG","lung","lung_NSC","lung_large",FALSE,TRUE,FALSE,NA,NA,NA,NA,NA,NA,NA
"NCIH1299_LUNG","lung","lung_NSC","lung_large",TRUE,TRUE,FALSE,"ncih1299","lung","Lung:NSCLC_Others",NA,NA,NA,NA
"NCIH1339_LUNG","lung","lung_small","",FALSE,TRUE,FALSE,NA,NA,NA,NA,NA,NA,NA
"NCIH1355_LUNG","lung","lung_NSC","lung_adenocarcinoma",TRUE,TRUE,FALSE,"ncih1355","lung","Lung:NSCLC_Adeno",NA,NA,NA,NA
"NCIH1373_LUNG","lung","lung_NSC","lung_adenocarcinoma",TRUE,TRUE,FALSE,"ncih1373","lung","Lung:NSCLC_Adeno",NA,NA,NA,NA
"NCIH1395_LUNG","lung","lung_NSC","lung_adenocarcinoma",FALSE,TRUE,FALSE,NA,NA,NA,NA,NA,NA,NA
"NCIH1435_LUNG","lung","lung_NSC","lung_adenocarcinoma",TRUE,FALSE,FALSE,"ncih1435","lung","Lung:NSCLC_Adeno",NA,NA,NA,NA
"NCIH1437_LUNG","lung","lung_NSC","lung_adenocarcinoma",TRUE,TRUE,FALSE,"ncih1437","lung","Lung:NSCLC_Adeno",NA,NA,NA,NA
"NCIH146_LUNG","lung","lung_small","",FALSE,TRUE,FALSE,NA,NA,NA,NA,NA,NA,NA
"NCIH1568_LUNG","lung","lung_NSC","lung_adenocarcinoma",TRUE,TRUE,FALSE,"ncih1568","lung","Lung:NSCLC_Adeno",NA,NA,NA,NA
"NCIH1573_LUNG","lung","lung_NSC","lung_adenocarcinoma",TRUE,FALSE,FALSE,"ncih1573","lung","Lung:NSCLC_Adeno",NA,NA,NA,NA
"NCIH1581_LUNG","lung","lung_NSC","lung_large",TRUE,TRUE,FALSE,"ncih1581","lung","Lung:NSCLC_Large_Cell",NA,NA,NA,NA
"NCIH1623_LUNG","lung","lung_NSC","lung_adenocarcinoma",FALSE,TRUE,FALSE,NA,NA,NA,NA,NA,NA,NA
"NCIH1648_LUNG","lung","lung_NSC","lung_adenocarcinoma",FALSE,TRUE,FALSE,NA,NA,NA,NA,NA,NA,NA
"NCIH1650_LUNG","lung","lung_NSC","lung_adenocarcinoma",FALSE,TRUE,FALSE,NA,NA,NA,NA,NA,NA,NA
"NCIH1666_LUNG","lung","lung_NSC","lung_adenocarcinoma",FALSE,TRUE,FALSE,NA,NA,NA,NA,NA,NA,NA
"NCIH1693_LUNG","lung","lung_NSC","lung_adenocarcinoma",TRUE,TRUE,FALSE,"ncih1693","lung","Lung:NSCLC_Adeno",NA,NA,NA,NA
"NCIH1694_LUNG","lung","lung_small","",FALSE,TRUE,FALSE,NA,NA,NA,NA,NA,NA,NA
"NCIH1703_LUNG","lung","lung_NSC","lung_adenocarcinoma",TRUE,TRUE,FALSE,"ncih1703","lung","Lung:NSCLC_Squamous",NA,NA,NA,NA
"NCIH1792_LUNG","lung","lung_NSC","lung_adenocarcinoma",TRUE,TRUE,FALSE,"ncih1792","lung","Lung:NSCLC_Adeno",NA,NA,NA,NA
"NCIH1793_LUNG","lung","lung_NSC","lung_adenocarcinoma",TRUE,FALSE,FALSE,"ncih1793","lung","Lung:NSCLC_Adeno",NA,NA,NA,NA
"NCIH1836_LUNG","lung","lung_small","",FALSE,TRUE,FALSE,NA,NA,NA,NA,NA,NA,NA
"NCIH1838_LUNG","lung","lung_NSC","lung_adenocarcinoma",TRUE,FALSE,FALSE,"ncih1838","lung","Lung:NSCLC_Adeno",NA,NA,NA,NA
"NCIH1876_LUNG","lung","lung_small","",FALSE,TRUE,FALSE,NA,NA,NA,NA,NA,NA,NA
"NCIH1915_LUNG","lung","lung_NSC","lung_large",FALSE,TRUE,FALSE,NA,NA,NA,NA,NA,NA,NA
"NCIH1944_LUNG","lung","lung_NSC","lung_adenocarcinoma",TRUE,TRUE,FALSE,"ncih1944","lung","Lung:NSCLC_Adeno",NA,NA,NA,NA
"NCIH196_LUNG","lung","lung_small","",TRUE,TRUE,FALSE,"ncih196","lung","Lung:SCLC",NA,NA,NA,NA
"NCIH1975_LUNG","lung","lung_NSC","lung_adenocarcinoma",TRUE,TRUE,FALSE,"ncih1975","lung","Lung:NSCLC_Adeno",NA,NA,NA,NA
"NCIH2004RT_SOFT_TISSUE","rhabdoid","","",FALSE,TRUE,FALSE,NA,NA,NA,NA,NA,NA,NA
"NCIH2009_LUNG","lung","lung_NSC","lung_adenocarcinoma",TRUE,TRUE,FALSE,"ncih2009","lung","Lung:NSCLC_Adeno",NA,NA,NA,NA
"NCIH2023_LUNG","lung","lung_NSC","lung_adenocarcinoma",FALSE,TRUE,FALSE,NA,NA,NA,NA,NA,NA,NA
"NCIH2030_LUNG","lung","lung_NSC","lung_adenocarcinoma",TRUE,TRUE,FALSE,"ncih2030","lung","Lung:NSCLC_Adeno",NA,NA,NA,NA
"NCIH2052_PLEURA","mesothelioma","","",TRUE,TRUE,FALSE,"ncih2052","pleura","Lung:Mesothelioma",NA,NA,NA,NA
"NCIH2066_LUNG","lung","lung_small","",TRUE,TRUE,FALSE,"ncih2066","lung","Lung:SCLC",NA,NA,NA,NA
"NCIH2087_LUNG","lung","lung_NSC","lung_adenocarcinoma",FALSE,TRUE,FALSE,NA,NA,NA,NA,NA,NA,NA
"NCIH209_LUNG","lung","lung_small","",FALSE,TRUE,FALSE,NA,NA,NA,NA,NA,NA,NA
"NCIH2110_LUNG","lung","lung_NSC","",TRUE,TRUE,FALSE,"ncih2110","lung","Lung:NSCLC_Others",NA,NA,NA,NA
"NCIH211_LUNG","lung","lung_small","",FALSE,TRUE,FALSE,NA,NA,NA,NA,NA,NA,NA
"NCIH2122_LUNG","lung","lung_NSC","lung_adenocarcinoma",TRUE,TRUE,FALSE,"ncih2122","lung","Lung:NSCLC_Adeno",NA,NA,NA,NA
"NCIH2126_LUNG","lung","lung_NSC","lung_adenocarcinoma",TRUE,TRUE,FALSE,"ncih2126","lung","Lung:NSCLC_Adeno",NA,NA,NA,NA
"NCIH2170_LUNG","lung","lung_NSC","lung_squamous",TRUE,TRUE,FALSE,"ncih2170","lung","Lung:NSCLC_Squamous",NA,NA,NA,NA
"NCIH2171_LUNG","lung","lung_small","",FALSE,TRUE,FALSE,NA,NA,NA,NA,NA,NA,NA
"NCIH2172_LUNG","lung","lung_NSC","",TRUE,FALSE,FALSE,"ncih2172","lung","Lung:NSCLC_Others",NA,NA,NA,NA
"NCIH2228_LUNG","lung","lung_NSC","lung_adenocarcinoma",TRUE,FALSE,FALSE,"ncih2228","lung","Lung:NSCLC_Adeno",NA,NA,NA,NA
"NCIH2286_LUNG","lung","lung_small","",TRUE,TRUE,FALSE,"ncih2286","lung","Lung:SCLC",NA,NA,NA,NA
"NCIH2291_LUNG","lung","lung_NSC","lung_adenocarcinoma",TRUE,TRUE,FALSE,"ncih2291","lung","Lung:NSCLC_Adeno",NA,NA,NA,NA
"NCIH23_LUNG","lung","lung_NSC","lung_adenocarcinoma",TRUE,TRUE,FALSE,"ncih23","lung","Lung:NSCLC_Adeno",NA,NA,NA,NA
"NCIH2405_LUNG","lung","lung_NSC","lung_adenocarcinoma",FALSE,TRUE,FALSE,NA,NA,NA,NA,NA,NA,NA
"NCIH2452_PLEURA","mesothelioma","","",FALSE,TRUE,FALSE,NA,NA,NA,NA,NA,NA,NA
"NCIH2882_LUNG","lung","lung_NSC","lung_squamous",FALSE,TRUE,FALSE,NA,NA,NA,NA,NA,NA,NA
"NCIH2887_LUNG","lung","lung_NSC","",FALSE,TRUE,FALSE,NA,NA,NA,NA,NA,NA,NA
"NCIH28_PLEURA","mesothelioma","","",TRUE,FALSE,FALSE,"ncih28","pleura","Lung:Mesothelioma",NA,NA,NA,NA
"NCIH292_LUNG","lung","lung_NSC","",FALSE,TRUE,FALSE,NA,NA,NA,NA,NA,NA,NA
"NCIH3122_LUNG","lung","lung_NSC","lung_adenocarcinoma",FALSE,TRUE,FALSE,NA,NA,NA,NA,NA,NA,NA
"NCIH322_LUNG","lung","lung_NSC","lung_adenocarcinoma",FALSE,TRUE,FALSE,NA,NA,NA,NA,NA,NA,NA
"NCIH3255_LUNG","lung","lung_NSC","lung_adenocarcinoma",FALSE,TRUE,FALSE,NA,NA,NA,NA,NA,NA,NA
"NCIH358_LUNG","lung","lung_NSC","lung_adenocarcinoma",TRUE,TRUE,FALSE,"ncih358","lung","Lung:NSCLC_Adeno",NA,NA,NA,NA
"NCIH441_LUNG","lung","lung_NSC","lung_adenocarcinoma",TRUE,TRUE,FALSE,"ncih441","lung","Lung:NSCLC_Adeno",NA,NA,NA,NA
"NCIH446_LUNG","lung","lung_small","",TRUE,FALSE,FALSE,"ncih446","lung","Lung:SCLC",NA,NA,NA,NA
"NCIH460_LUNG","lung","lung_NSC","lung_large",TRUE,TRUE,FALSE,"ncih460","lung","Lung:NSCLC_Large_Cell",NA,NA,NA,NA
"NCIH508_LARGE_INTESTINE","colorectal","","",TRUE,TRUE,FALSE,"ncih508","large_intestine","Colorectal:Carcinoma",NA,NA,NA,NA
"NCIH520_LUNG","lung","lung_NSC","lung_squamous",FALSE,TRUE,FALSE,NA,NA,NA,NA,NA,NA,NA
"NCIH522_LUNG","lung","lung_NSC","lung_adenocarcinoma",TRUE,TRUE,FALSE,"ncih522","lung","Lung:NSCLC_Adeno",NA,NA,NA,NA
"NCIH526_LUNG","lung","lung_small","",FALSE,TRUE,FALSE,NA,NA,NA,NA,NA,NA,NA
"NCIH647_LUNG","lung","lung_NSC","",FALSE,TRUE,FALSE,NA,NA,NA,NA,NA,NA,NA
"NCIH650_LUNG","lung","lung_NSC","lung_adenocarcinoma",FALSE,TRUE,FALSE,NA,NA,NA,NA,NA,NA,NA
"NCIH660_PROSTATE","prostate","","",FALSE,TRUE,FALSE,NA,NA,NA,NA,NA,NA,NA
"NCIH661_LUNG","lung","lung_NSC","lung_large",TRUE,TRUE,FALSE,"ncih661","lung","Lung:NSCLC_Large_Cell",NA,NA,NA,NA
"NCIH716_LARGE_INTESTINE","colorectal","","",TRUE,TRUE,FALSE,"ncih716","large_intestine","Colorectal:Carcinoma",NA,NA,NA,NA
"NCIH727_LUNG","lung","lung_NSC","",FALSE,TRUE,FALSE,NA,NA,NA,NA,NA,NA,NA
"NCIH747_LARGE_INTESTINE","colorectal","","",TRUE,FALSE,FALSE,"ncih747","large_intestine","Colorectal:Carcinoma",NA,NA,NA,NA
"NCIH838_LUNG","lung","lung_NSC","lung_adenocarcinoma",TRUE,TRUE,FALSE,"ncih838","lung","Lung:NSCLC_Adeno",NA,NA,NA,NA
"NCIH841_LUNG","lung","lung_small","",FALSE,TRUE,FALSE,NA,NA,NA,NA,NA,NA,NA
"NCIH854_LUNG","lung","lung_NSC","lung_adenocarcinoma",FALSE,TRUE,FALSE,NA,NA,NA,NA,NA,NA,NA
"NCIN87_STOMACH","gastric","gastric_adenocarcinoma","",TRUE,TRUE,FALSE,"ncin87","stomach","Gastric:Carcinoma",NA,NA,NA,NA
"NIHOVCAR3_OVARY","ovary","ovary_adenocarcinoma","serous",TRUE,TRUE,FALSE,NA,NA,NA,NA,NA,NA,NA
"NOMO1_HAEMATOPOIETIC_AND_LYMPHOID_TISSUE","leukemia","AML","",FALSE,TRUE,FALSE,NA,NA,NA,NA,NA,NA,NA
"NUGC3_STOMACH","gastric","gastric_adenocarcinoma","",TRUE,TRUE,FALSE,"nugc3","stomach","Gastric:Carcinoma",NA,NA,NA,NA
"OAW42_OVARY","ovary","cysteadenocarcinoma","",FALSE,TRUE,FALSE,NA,NA,NA,NA,NA,NA,NA
"OC314_OVARY","ovary","ovary_adenocarcinoma","serous",FALSE,TRUE,FALSE,NA,NA,NA,NA,NA,NA,NA
"OCIAML2_HAEMATOPOIETIC_AND_LYMPHOID_TISSUE","leukemia","AML","",FALSE,TRUE,FALSE,NA,NA,NA,NA,NA,NA,NA
"OCIAML3_HAEMATOPOIETIC_AND_LYMPHOID_TISSUE","leukemia","AML","",FALSE,TRUE,FALSE,NA,NA,NA,NA,NA,NA,NA
"OCIAML5_HAEMATOPOIETIC_AND_LYMPHOID_TISSUE","leukemia","AML","",FALSE,TRUE,FALSE,NA,NA,NA,NA,NA,NA,NA
"OCIMY7_HAEMATOPOIETIC_AND_LYMPHOID_TISSUE","multiple_myeloma","","",FALSE,TRUE,FALSE,NA,NA,NA,NA,NA,NA,NA
"OCUBM_BREAST","breast",NA,NA,FALSE,FALSE,TRUE,NA,NA,NA,"ocubm","ERBB2","her2","LuminalB"
"OCUM1_STOMACH","gastric","gastric_adenocarcinoma","",TRUE,FALSE,FALSE,"ocum1","stomach","Gastric:Carcinoma",NA,NA,NA,NA
"OE21_OESOPHAGUS","esophagus","esophagus_squamous","",TRUE,FALSE,FALSE,"oe21","oesophagus","Oesophagus:Carcinoma",NA,NA,NA,NA
"OE33_OESOPHAGUS","esophagus","esophagus_adenocarcinoma","",FALSE,TRUE,FALSE,NA,NA,NA,NA,NA,NA,NA
"OELE_OVARY","ovary","ovary_immortalized","",FALSE,TRUE,FALSE,NA,NA,NA,NA,NA,NA,NA
"OMM1_UVEA",NA,NA,NA,TRUE,FALSE,FALSE,NA,NA,NA,NA,NA,NA,NA
"OPM1_HAEMATOPOIETIC_AND_LYMPHOID_TISSUE","multiple_myeloma","","",FALSE,TRUE,FALSE,NA,NA,NA,NA,NA,NA,NA
"OPM2_HAEMATOPOIETIC_AND_LYMPHOID_TISSUE","multiple_myeloma","","",FALSE,TRUE,FALSE,NA,NA,NA,NA,NA,NA,NA
"OSRC2_KIDNEY","kidney","","",TRUE,TRUE,FALSE,"osrc2","kidney","Kidney:Carcinoma",NA,NA,NA,NA
"OUMS23_LARGE_INTESTINE","colorectal","","",TRUE,FALSE,FALSE,"oums23","large_intestine","Colorectal:Carcinoma",NA,NA,NA,NA
"OV7_OVARY","ovary","","",FALSE,TRUE,FALSE,NA,NA,NA,NA,NA,NA,NA
"OV90_OVARY","ovary","ovary_adenocarcinoma","",TRUE,TRUE,FALSE,"ov90","ovary","Ovary:Carcinoma",NA,NA,NA,NA
"OVCAR4_OVARY","ovary","ovary_adenocarcinoma","serous",TRUE,TRUE,FALSE,NA,NA,NA,NA,NA,NA,NA
"OVCAR8_OVARY","ovary","ovary_adenocarcinoma","serous",TRUE,TRUE,FALSE,"ovcar8","ovary","Ovary:Carcinoma",NA,NA,NA,NA
"OVISE_OVARY","ovary","ovary_adenocarcinoma","ovary_clear_cell",FALSE,TRUE,FALSE,NA,NA,NA,NA,NA,NA,NA
"OVSAHO_OVARY","ovary","ovary_adenocarcinoma","serous",TRUE,FALSE,FALSE,NA,NA,NA,NA,NA,NA,NA
"OVTOKO_OVARY","ovary","ovary_adenocarcinoma","ovary_clear_cell",FALSE,TRUE,FALSE,NA,NA,NA,NA,NA,NA,NA
"PANC0203_PANCREAS","pancreas","","",TRUE,FALSE,FALSE,"panc0203","pancreas","Pancreas:Carcinoma",NA,NA,NA,NA
"PANC0327_PANCREAS","pancreas","","",FALSE,TRUE,FALSE,NA,NA,NA,NA,NA,NA,NA
"PANC0403_PANCREAS","pancreas","","",TRUE,FALSE,FALSE,"panc0403","pancreas","Pancreas:Carcinoma",NA,NA,NA,NA
"PANC0504_PANCREAS","pancreas","","",TRUE,FALSE,FALSE,"panc0504","pancreas","Pancreas:Carcinoma",NA,NA,NA,NA
"PANC0813_PANCREAS","pancreas","","",FALSE,TRUE,FALSE,NA,NA,NA,NA,NA,NA,NA
"PANC1005_PANCREAS","pancreas","","",TRUE,TRUE,FALSE,"panc1005","pancreas","Pancreas:Carcinoma",NA,NA,NA,NA
"PANC1_PANCREAS","pancreas","","",TRUE,FALSE,FALSE,"panc1","pancreas","Pancreas:Carcinoma",NA,NA,NA,NA
"PATU8902_PANCREAS","pancreas","","",TRUE,FALSE,FALSE,"patu8902","pancreas","Pancreas:Carcinoma",NA,NA,NA,NA
"PATU8988T_PANCREAS","pancreas","","",TRUE,FALSE,FALSE,"patu8988t","pancreas","Pancreas:Carcinoma",NA,NA,NA,NA
"PC14_LUNG","lung","lung_NSC","lung_adenocarcinoma",FALSE,TRUE,FALSE,NA,NA,NA,NA,NA,NA,NA
"PC3_PROSTATE","prostate","","",FALSE,TRUE,FALSE,NA,NA,NA,NA,NA,NA,NA
"PECAPJ34CLONEC12_UPPER_AERODIGESTIVE_TRACT","upper_aerodigestive","upper_aerodigestive_squamous","",TRUE,TRUE,FALSE,"pecapj34clonec12","upper_aerodigestive_tract","Upper_Aerodigestive_Tract:Carcinoma",NA,NA,NA,NA
"PECAPJ41CLONED2_UPPER_AERODIGESTIVE_TRACT","upper_aerodigestive","upper_aerodigestive_squamous","",TRUE,FALSE,FALSE,"pecapj41cloned2","upper_aerodigestive_tract","Upper_Aerodigestive_Tract:Carcinoma",NA,NA,NA,NA
"PECAPJ49_UPPER_AERODIGESTIVE_TRACT","upper_aerodigestive","upper_aerodigestive_squamous","",FALSE,TRUE,FALSE,NA,NA,NA,NA,NA,NA,NA
"PETA_SKIN","skin","Merkel","",FALSE,TRUE,FALSE,NA,NA,NA,NA,NA,NA,NA
"PFEIFFER_HAEMATOPOIETIC_AND_LYMPHOID_TISSUE","lymphoma","DLBCL","",TRUE,FALSE,FALSE,"pfeiffer","haematopoietic_and_lymphoid_tissue","Lymphoma:NH_B_cell",NA,NA,NA,NA
"PK1_PANCREAS","pancreas","","",TRUE,FALSE,FALSE,"pk1","pancreas","Pancreas:Carcinoma",NA,NA,NA,NA
"PLB985_HAEMATOPOIETIC_AND_LYMPHOID_TISSUE","leukemia","AML","",FALSE,TRUE,FALSE,NA,NA,NA,NA,NA,NA,NA
"PLCPRF5_LIVER","liver","","",FALSE,TRUE,FALSE,NA,NA,NA,NA,NA,NA,NA
"PRECLH_PROSTATE","prostate","prostate_immortalized","",FALSE,TRUE,FALSE,NA,NA,NA,NA,NA,NA,NA
"PSN1_PANCREAS","pancreas","","",FALSE,TRUE,FALSE,NA,NA,NA,NA,NA,NA,NA
"QGP1_PANCREAS","pancreas","","",FALSE,TRUE,FALSE,NA,NA,NA,NA,NA,NA,NA
"RCC4_KIDNEY","kidney","","",TRUE,FALSE,FALSE,"rcc4","kidney","Kidney:Carcinoma",NA,NA,NA,NA
"RCHACV_HAEMATOPOIETIC_AND_LYMPHOID_TISSUE","leukemia","B-cell_ALL","",TRUE,FALSE,FALSE,"rchacv","haematopoietic_and_lymphoid_tissue","Leukemia:ALL",NA,NA,NA,NA
"RDES_BONE","","","",FALSE,TRUE,FALSE,NA,NA,NA,NA,NA,NA,NA
"RD_SOFT_TISSUE","rhabdomyosarcoma","","",TRUE,TRUE,FALSE,"rd","soft_tissue","Soft_Tissue:Sarcoma_Rhabdoid",NA,NA,NA,NA
"REH_HAEMATOPOIETIC_AND_LYMPHOID_TISSUE","leukemia","B-cell_ALL","",TRUE,TRUE,FALSE,"reh","haematopoietic_and_lymphoid_tissue","Leukemia:ALL",NA,NA,NA,NA
"RERFLCAD2_LUNG","lung","lung_NSC","lung_adenocarcinoma",FALSE,TRUE,FALSE,NA,NA,NA,NA,NA,NA,NA
"RERFLCAI_LUNG","lung","lung_NSC","lung_squamous",FALSE,TRUE,FALSE,NA,NA,NA,NA,NA,NA,NA
"RERFLCMS_LUNG","lung","lung_NSC","lung_adenocarcinoma",TRUE,FALSE,FALSE,"rerflcms","lung","Lung:NSCLC_Others",NA,NA,NA,NA
"RH30_SOFT_TISSUE","rhabdomyosarcoma","","",TRUE,TRUE,FALSE,"rh30","soft_tissue","Soft_Tissue:Sarcoma_Rhabdoid",NA,NA,NA,NA
"RH41_SOFT_TISSUE","rhabdomyosarcoma","","",TRUE,TRUE,FALSE,"rh41","soft_tissue","Soft_Tissue:Sarcoma_Rhabdoid",NA,NA,NA,NA
"RKN_SOFT_TISSUE","soft_tissue","leiomyosarcoma","",FALSE,TRUE,FALSE,NA,NA,NA,NA,NA,NA,NA
"RKO_LARGE_INTESTINE","colorectal","colorectal_MSI","",TRUE,TRUE,FALSE,"rko","large_intestine","Colorectal:Carcinoma",NA,NA,NA,NA
"RL952_ENDOMETRIUM","uterus","uterus_endometrium","",FALSE,TRUE,FALSE,NA,NA,NA,NA,NA,NA,NA
"RL_HAEMATOPOIETIC_AND_LYMPHOID_TISSUE","lymphoma","B-cell_lymphoma_other","",TRUE,FALSE,FALSE,"rl","haematopoietic_and_lymphoid_tissue","Lymphoma:NH_B_cell",NA,NA,NA,NA
"RMGI_OVARY","ovary","ovary_adenocarcinoma","ovary_clear_cell",TRUE,TRUE,FALSE,"rmgi","ovary","Ovary:Carcinoma",NA,NA,NA,NA
"RMUGS_OVARY","ovary","cysteadenocarcinoma","",TRUE,TRUE,FALSE,"rmugs","ovary","Ovary:Carcinoma",NA,NA,NA,NA
"RPMI7951_SKIN","skin","melanoma","",TRUE,FALSE,FALSE,"rpmi7951","skin","Skin:Melanoma",NA,NA,NA,NA
"RPMI8226_HAEMATOPOIETIC_AND_LYMPHOID_TISSUE","multiple_myeloma","","",TRUE,FALSE,FALSE,"rpmi8226","haematopoietic_and_lymphoid_tissue","Lymphoma:Multiple_Myeloma",NA,NA,NA,NA
"RS411_HAEMATOPOIETIC_AND_LYMPHOID_TISSUE","leukemia","B-cell_ALL","",FALSE,TRUE,FALSE,NA,NA,NA,NA,NA,NA,NA
"RT112_URINARY_TRACT","urinary_tract","","",TRUE,TRUE,FALSE,"rt112","urinary_tract","Bladder:Carcinoma",NA,NA,NA,NA
"RVH421_SKIN","skin","melanoma","",TRUE,TRUE,FALSE,"rvh421","skin","Skin:Melanoma",NA,NA,NA,NA
"SAOS2_BONE","bone","osteosarcoma","",TRUE,TRUE,FALSE,"saos2","bone","Bone:Sarcoma_Osteo",NA,NA,NA,NA
"SBC5_LUNG","lung","lung_small","",TRUE,FALSE,FALSE,"sbc5","lung","Lung:SCLC",NA,NA,NA,NA
"SCC25_UPPER_AERODIGESTIVE_TRACT","upper_aerodigestive","upper_aerodigestive_squamous","",TRUE,FALSE,FALSE,"scc25","upper_aerodigestive_tract","Upper_Aerodigestive_Tract:Carcinoma",NA,NA,NA,NA
"SCC4_UPPER_AERODIGESTIVE_TRACT","upper_aerodigestive","upper_aerodigestive_squamous","",FALSE,TRUE,FALSE,NA,NA,NA,NA,NA,NA,NA
"SEM_HAEMATOPOIETIC_AND_LYMPHOID_TISSUE","leukemia","B-cell_ALL","",TRUE,TRUE,FALSE,"sem","haematopoietic_and_lymphoid_tissue","Leukemia:ALL",NA,NA,NA,NA
"SF126_CENTRAL_NERVOUS_SYSTEM","central_nervous_system","glioma","astrocytoma",FALSE,TRUE,FALSE,NA,NA,NA,NA,NA,NA,NA
"SF172_CENTRAL_NERVOUS_SYSTEM","central_nervous_system","glioma","glioblastoma",FALSE,TRUE,FALSE,NA,NA,NA,NA,NA,NA,NA
"SF268_CENTRAL_NERVOUS_SYSTEM","central_nervous_system","glioma","",TRUE,FALSE,FALSE,"sf268","central_nervous_system","CNS:Glioma_HighGrade",NA,NA,NA,NA
"SF295_CENTRAL_NERVOUS_SYSTEM","central_nervous_system","glioma","glioblastoma",TRUE,TRUE,FALSE,"sf295","central_nervous_system","CNS:Glioma_HighGrade",NA,NA,NA,NA
"SF767_CENTRAL_NERVOUS_SYSTEM","cervix","","",FALSE,TRUE,FALSE,NA,NA,NA,NA,NA,NA,NA
"SH4_SKIN","skin","melanoma","",TRUE,TRUE,FALSE,"sh4","skin","Skin:Melanoma",NA,NA,NA,NA
"SHP77_LUNG","lung","lung_small","",TRUE,TRUE,FALSE,"shp77","lung","Lung:SCLC",NA,NA,NA,NA
"SIHA_CERVIX","cervix","","",FALSE,TRUE,FALSE,NA,NA,NA,NA,NA,NA,NA
"SJRH30_SOFT_TISSUE","rhabdomyosarcoma","","",TRUE,FALSE,FALSE,"sjrh30","soft_tissue","Soft_Tissue:Sarcoma_Rhabdoid",NA,NA,NA,NA
"SJSA1_BONE","bone","osteosarcoma","",TRUE,TRUE,FALSE,"sjsa1","bone","Bone:Sarcoma_Osteo",NA,NA,NA,NA
"SKBR3_BREAST","breast","HER2Amp","",FALSE,FALSE,TRUE,NA,NA,NA,"skbr3","ERBB2","her2","HER2"
"SKBR5_BREAST","breast",NA,NA,FALSE,FALSE,TRUE,NA,NA,NA,"skbr5","TNBC","luminal","LuminalB"
"SKBR7_BREAST","breast",NA,NA,FALSE,FALSE,TRUE,NA,NA,NA,"skbr7","TNBC","basalb","CL"
"SKCO1_LARGE_INTESTINE","colorectal","","",TRUE,TRUE,FALSE,"skco1","large_intestine","Colorectal:Carcinoma",NA,NA,NA,NA
"SKES1_BONE","","","",TRUE,TRUE,FALSE,"skes1","bone","Bone:Sarcoma_Ewing",NA,NA,NA,NA
"SKHEP1_LIVER","liver","","",TRUE,TRUE,FALSE,"skhep1","liver","Liver:Carcinoma_Adeno",NA,NA,NA,NA
"SKMEL28_SKIN","skin","melanoma","",TRUE,FALSE,FALSE,"skmel28","skin","Skin:Melanoma",NA,NA,NA,NA
"SKMEL2_SKIN","skin","melanoma","",TRUE,TRUE,FALSE,"skmel2","skin","Skin:Melanoma",NA,NA,NA,NA
"SKMEL30_SKIN","skin","melanoma","",TRUE,FALSE,FALSE,"skmel30","skin","Skin:Melanoma",NA,NA,NA,NA
"SKMEL3_SKIN","skin","melanoma","",TRUE,TRUE,FALSE,"skmel3","skin","Skin:Melanoma",NA,NA,NA,NA
"SKMEL5_SKIN","skin","melanoma","",TRUE,TRUE,FALSE,"skmel5","skin","Skin:Melanoma",NA,NA,NA,NA
"SKMES1_LUNG","lung","lung_NSC","lung_squamous",FALSE,TRUE,FALSE,NA,NA,NA,NA,NA,NA,NA
"SKMM2_HAEMATOPOIETIC_AND_LYMPHOID_TISSUE","multiple_myeloma","","",FALSE,TRUE,FALSE,NA,NA,NA,NA,NA,NA,NA
"SKNAS_AUTONOMIC_GANGLIA","peripheral_nervous_system","neuroblastoma","",TRUE,FALSE,FALSE,"sknas","autonomic_ganglia","PNET:Neuroblastoma",NA,NA,NA,NA
"SKNBE2_AUTONOMIC_GANGLIA","peripheral_nervous_system","neuroblastoma","",TRUE,FALSE,FALSE,"sknbe2","autonomic_ganglia","PNET:Neuroblastoma",NA,NA,NA,NA
"SKNDZ_AUTONOMIC_GANGLIA","peripheral_nervous_system","neuroblastoma","",TRUE,FALSE,FALSE,"skndz","autonomic_ganglia","PNET:Neuroblastoma",NA,NA,NA,NA
"SKNEP1_BONE","","","",FALSE,TRUE,FALSE,NA,NA,NA,NA,NA,NA,NA
"SKNFI_AUTONOMIC_GANGLIA","peripheral_nervous_system","neuroblastoma","",TRUE,FALSE,FALSE,"sknfi","autonomic_ganglia","PNET:Neuroblastoma",NA,NA,NA,NA
"SKNMC_BONE","bone","Ewings_sarcoma","",TRUE,FALSE,FALSE,"sknmc","bone","Bone:Sarcoma_Ewing",NA,NA,NA,NA
"SKNO1_HAEMATOPOIETIC_AND_LYMPHOID_TISSUE","leukemia","AML","",FALSE,TRUE,FALSE,NA,NA,NA,NA,NA,NA,NA
"SKNSH_AUTONOMIC_GANGLIA","peripheral_nervous_system","neuroblastoma","",TRUE,FALSE,FALSE,"sknsh","autonomic_ganglia","PNET:Neuroblastoma",NA,NA,NA,NA
"SKOV3_OVARY","ovary","cysteadenocarcinoma","",FALSE,TRUE,FALSE,NA,NA,NA,NA,NA,NA,NA
"SKRC20_KIDNEY","kidney","","",FALSE,TRUE,FALSE,NA,NA,NA,NA,NA,NA,NA
"SLR20_KIDNEY","kidney","","",FALSE,TRUE,FALSE,NA,NA,NA,NA,NA,NA,NA
"SLR21_KIDNEY","kidney","","",FALSE,TRUE,FALSE,NA,NA,NA,NA,NA,NA,NA
"SLR23_KIDNEY","kidney","","",FALSE,TRUE,FALSE,NA,NA,NA,NA,NA,NA,NA
"SLR24_KIDNEY","kidney","","",FALSE,TRUE,FALSE,NA,NA,NA,NA,NA,NA,NA
"SLR25_KIDNEY","kidney","","",FALSE,TRUE,FALSE,NA,NA,NA,NA,NA,NA,NA
"SLR26_KIDNEY","kidney","","",FALSE,TRUE,FALSE,NA,NA,NA,NA,NA,NA,NA
"SMSCTR_SOFT_TISSUE","rhabdomyosarcoma","","",FALSE,TRUE,FALSE,NA,NA,NA,NA,NA,NA,NA
"SNB19_CENTRAL_NERVOUS_SYSTEM","central_nervous_system","glioma","glioblastoma",TRUE,FALSE,FALSE,"snb19","central_nervous_system","CNS:Glioma_HighGrade",NA,NA,NA,NA
"SNGM_ENDOMETRIUM","uterus","uterus_endometrium","",TRUE,FALSE,FALSE,"sngm","endometrium","Endometrium:Carcinoma",NA,NA,NA,NA
"SNU1076_UPPER_AERODIGESTIVE_TRACT","upper_aerodigestive","upper_aerodigestive_squamous","",FALSE,TRUE,FALSE,NA,NA,NA,NA,NA,NA,NA
"SNU1079_BILIARY_TRACT","bile_duct","cholangiocarcinoma","",TRUE,FALSE,FALSE,"snu1079","biliary_tract","Biliary_Tract:Carcinoma",NA,NA,NA,NA
"SNU1105_CENTRAL_NERVOUS_SYSTEM","central_nervous_system","glioma","glioblastoma",TRUE,TRUE,FALSE,"snu1105","central_nervous_system","CNS:Glioma_HighGrade",NA,NA,NA,NA
"SNU1_STOMACH","gastric","","",TRUE,FALSE,FALSE,"snu1","stomach","Gastric:Carcinoma",NA,NA,NA,NA
"SNU216_STOMACH","gastric","gastric_adenocarcinoma","",FALSE,TRUE,FALSE,NA,NA,NA,NA,NA,NA,NA
"SNU349_KIDNEY","kidney","","",TRUE,TRUE,FALSE,"snu349","kidney","Kidney:Carcinoma",NA,NA,NA,NA
"SNU407_LARGE_INTESTINE","colorectal","colorectal_MSI","",TRUE,FALSE,FALSE,"snu407","large_intestine","Colorectal:Carcinoma",NA,NA,NA,NA
"SNU410_PANCREAS","pancreas","","",TRUE,FALSE,FALSE,NA,NA,NA,NA,NA,NA,NA
"SNU423_LIVER","liver","","",TRUE,FALSE,FALSE,"snu423","liver","Liver:HCC",NA,NA,NA,NA
"SNU449_LIVER","liver","","",TRUE,FALSE,FALSE,"snu449","liver","Liver:HCC",NA,NA,NA,NA
"SNU5_STOMACH","gastric","gastric_adenocarcinoma","",FALSE,TRUE,FALSE,NA,NA,NA,NA,NA,NA,NA
"SNU601_STOMACH","gastric","gastric_adenocarcinoma","",FALSE,TRUE,FALSE,NA,NA,NA,NA,NA,NA,NA
"SNU61_LARGE_INTESTINE","colorectal","","",TRUE,FALSE,FALSE,"snu61","large_intestine","Colorectal:Carcinoma",NA,NA,NA,NA
"SNU685_ENDOMETRIUM","uterus","uterus_endometrium","",TRUE,TRUE,FALSE,"snu685","endometrium","Endometrium:Others",NA,NA,NA,NA
"SNU719_STOMACH","gastric","gastric_adenocarcinoma","",TRUE,TRUE,FALSE,"snu719","stomach","Gastric:Carcinoma",NA,NA,NA,NA
"SNU738_CENTRAL_NERVOUS_SYSTEM","central_nervous_system","glioma","",TRUE,FALSE,FALSE,"snu738","central_nervous_system","CNS:Glioma",NA,NA,NA,NA
"SNU761_LIVER","liver","","",TRUE,FALSE,FALSE,"snu761","liver","Liver:HCC",NA,NA,NA,NA
"SNU81_LARGE_INTESTINE","colorectal","","",TRUE,FALSE,FALSE,"snu81","large_intestine","Colorectal:Carcinoma",NA,NA,NA,NA
"SNU840_OVARY","ovary","Brenner_tumor","",FALSE,TRUE,FALSE,NA,NA,NA,NA,NA,NA,NA
"SNU886_LIVER","liver","","",TRUE,FALSE,FALSE,"snu886","liver","Liver:HCC",NA,NA,NA,NA
"SNU8_OVARY","ovary","cysteadenocarcinoma","",FALSE,TRUE,FALSE,NA,NA,NA,NA,NA,NA,NA
"SNUC1_LARGE_INTESTINE","colorectal","","",FALSE,TRUE,FALSE,NA,NA,NA,NA,NA,NA,NA
"SNUC2A_LARGE_INTESTINE","colorectal","colorectal_MSI","",TRUE,TRUE,FALSE,"snuc2a","large_intestine","Colorectal:Carcinoma",NA,NA,NA,NA
"SNUC4_LARGE_INTESTINE","colorectal","colorectal_MSI","",TRUE,FALSE,FALSE,"snuc4","large_intestine","Colorectal:Carcinoma",NA,NA,NA,NA
"SQ1_LUNG","lung","lung_NSC","lung_squamous",TRUE,FALSE,FALSE,"sq1","lung","Lung:NSCLC_Squamous",NA,NA,NA,NA
"SS1A_SOFT_TISSUE",NA,NA,NA,TRUE,FALSE,FALSE,"ss1a","soft_tissue","Soft_Tissue:Sarcoma_Synovial",NA,NA,NA,NA
"SU8686_PANCREAS","pancreas","","",TRUE,TRUE,FALSE,"su8686","pancreas","Pancreas:Carcinoma",NA,NA,NA,NA
"SUDHL10_HAEMATOPOIETIC_AND_LYMPHOID_TISSUE","lymphoma","DLBCL","",FALSE,TRUE,FALSE,NA,NA,NA,NA,NA,NA,NA
"SUDHL4_HAEMATOPOIETIC_AND_LYMPHOID_TISSUE","lymphoma","DLBCL","",TRUE,TRUE,FALSE,"sudhl4","haematopoietic_and_lymphoid_tissue","Lymphoma:NH_B_cell",NA,NA,NA,NA
"SUDHL6_HAEMATOPOIETIC_AND_LYMPHOID_TISSUE","lymphoma","DLBCL","",TRUE,FALSE,FALSE,"sudhl6","haematopoietic_and_lymphoid_tissue","Lymphoma:NH_B_cell",NA,NA,NA,NA
"SUIT2_PANCREAS","pancreas","","",TRUE,FALSE,FALSE,"suit2","pancreas","Pancreas:Carcinoma",NA,NA,NA,NA
"SUM102PT_BREAST","breast","TNBC","",FALSE,FALSE,TRUE,NA,NA,NA,NA,NA,NA,NA
"SUM1315MO2_BREAST","breast","TNBC","",FALSE,FALSE,TRUE,NA,NA,NA,NA,NA,NA,NA
"SUM149PT_BREAST","breast","TNBC","",FALSE,FALSE,TRUE,NA,NA,NA,NA,NA,NA,NA
"SUM159PT_BREAST","breast","TNBC","",FALSE,FALSE,TRUE,NA,NA,NA,NA,NA,NA,NA
"SUM185PE_BREAST","breast","TNBC","",FALSE,FALSE,TRUE,NA,NA,NA,NA,NA,NA,NA
"SUM190PT_BREAST","breast","HER2Amp","",FALSE,FALSE,TRUE,NA,NA,NA,NA,NA,NA,NA
"SUM225CWN_BREAST","breast","HER2Amp","",FALSE,FALSE,TRUE,NA,NA,NA,NA,NA,NA,NA
"SUM229PE_BREAST","breast","TNBC","",FALSE,FALSE,TRUE,NA,NA,NA,NA,NA,NA,NA
"SUM44PE_BREAST","breast","ERpos","",FALSE,FALSE,TRUE,NA,NA,NA,NA,NA,NA,NA
"SUM52PE_BREAST","breast","ERpos","",TRUE,FALSE,TRUE,"sum52pe","breast","Breast:Carcinoma",NA,NA,NA,NA
"SUMB002_CENTRAL_NERVOUS_SYSTEM","central_nervous_system","medulloblastoma","",FALSE,TRUE,FALSE,NA,NA,NA,NA,NA,NA,NA
"SUPT1_HAEMATOPOIETIC_AND_LYMPHOID_TISSUE","leukemia","T-cell_ALL","",FALSE,TRUE,FALSE,NA,NA,NA,NA,NA,NA,NA
"SW1088_CENTRAL_NERVOUS_SYSTEM","central_nervous_system","glioma","",TRUE,FALSE,FALSE,"sw1088","central_nervous_system","CNS:Glioma",NA,NA,NA,NA
"SW1271_LUNG","lung","lung_small","",TRUE,TRUE,FALSE,"sw1271","lung","Lung:SCLC",NA,NA,NA,NA
"SW1353_BONE","bone","chondrosarcoma","",TRUE,FALSE,FALSE,"sw1353","bone","Bone:Sarcoma_Chondro",NA,NA,NA,NA
"SW1417_LARGE_INTESTINE","colorectal","","",TRUE,TRUE,FALSE,"sw1417","large_intestine","Colorectal:Carcinoma",NA,NA,NA,NA
"SW1463_LARGE_INTESTINE","colorectal","","",TRUE,FALSE,FALSE,"sw1463","large_intestine","Colorectal:Carcinoma",NA,NA,NA,NA
"SW1573_LUNG","lung","lung_NSC","lung_squamous",TRUE,TRUE,FALSE,"sw1573","lung","Lung:NSCLC_Squamous",NA,NA,NA,NA
"SW1783_CENTRAL_NERVOUS_SYSTEM","central_nervous_system","glioma","astrocytoma",TRUE,TRUE,FALSE,"sw1783","central_nervous_system","CNS:Glioma_HighGrade",NA,NA,NA,NA
"SW1990_PANCREAS","pancreas","","",TRUE,FALSE,FALSE,"sw1990","pancreas","Pancreas:Carcinoma",NA,NA,NA,NA
"SW403_LARGE_INTESTINE","colorectal","","",TRUE,FALSE,FALSE,"sw403","large_intestine","Colorectal:Carcinoma",NA,NA,NA,NA
"SW480_LARGE_INTESTINE","colorectal","","",TRUE,TRUE,FALSE,"sw480","large_intestine","Colorectal:Carcinoma",NA,NA,NA,NA
"SW48_LARGE_INTESTINE","colorectal","colorectal_MSI","",TRUE,TRUE,FALSE,"sw48","large_intestine","Colorectal:Carcinoma",NA,NA,NA,NA
"SW527_BREAST","breast",NA,NA,FALSE,FALSE,TRUE,NA,NA,NA,"sw527","TNBC","basalb","Basal"
"SW579_THYROID","thyroid","","",TRUE,FALSE,FALSE,"sw579","thyroid","Thyroid:Carcinoma",NA,NA,NA,NA
"SW620_LARGE_INTESTINE","colorectal","","",TRUE,TRUE,FALSE,"sw620","large_intestine","Colorectal:Carcinoma",NA,NA,NA,NA
"SW780_URINARY_TRACT","urinary_tract","","",TRUE,FALSE,FALSE,"sw780","urinary_tract","Bladder:Carcinoma",NA,NA,NA,NA
"SW837_LARGE_INTESTINE","colorectal","","",FALSE,TRUE,FALSE,NA,NA,NA,NA,NA,NA,NA
"SW948_LARGE_INTESTINE","colorectal","","",TRUE,FALSE,FALSE,"sw948","large_intestine","Colorectal:Carcinoma",NA,NA,NA,NA
"SYO1_SOFT_TISSUE","soft_tissue","synovial_sarcoma","",TRUE,FALSE,FALSE,"syo1","soft_tissue","Soft_Tissue:Sarcoma_Synovial",NA,NA,NA,NA
"T24_URINARY_TRACT","urinary_tract","","",TRUE,FALSE,FALSE,"t24","urinary_tract","Bladder:Carcinoma",NA,NA,NA,NA
"T47D_BREAST","breast","ERpos","",TRUE,TRUE,TRUE,"t47d","breast","Breast:Carcinoma","t47d","ER","luminal","LuminalB"
"T98G_CENTRAL_NERVOUS_SYSTEM","central_nervous_system","glioma","glioblastoma",FALSE,TRUE,FALSE,NA,NA,NA,NA,NA,NA,NA
"TC71_BONE","bone","Ewings_sarcoma","",TRUE,TRUE,FALSE,"tc71","bone","Bone:Sarcoma_Ewing",NA,NA,NA,NA
"TCCPAN2_PANCREAS","pancreas","","",TRUE,FALSE,FALSE,"tccpan2","pancreas","Pancreas:Carcinoma",NA,NA,NA,NA
"TCCSUP_URINARY_TRACT","urinary_tract","","",TRUE,TRUE,FALSE,"tccsup","urinary_tract","Bladder:Carcinoma",NA,NA,NA,NA
"TE10_OESOPHAGUS","esophagus","esophagus_squamous","",TRUE,TRUE,FALSE,"te10","oesophagus","Oesophagus:Carcinoma",NA,NA,NA,NA
"TE11_OESOPHAGUS","esophagus","esophagus_squamous","",TRUE,TRUE,FALSE,"te11","oesophagus","Oesophagus:Carcinoma",NA,NA,NA,NA
"TE14_OESOPHAGUS","esophagus","esophagus_squamous","",TRUE,FALSE,FALSE,"te14","oesophagus","Oesophagus:Carcinoma",NA,NA,NA,NA
"TE15_OESOPHAGUS","esophagus","esophagus_squamous","",FALSE,TRUE,FALSE,NA,NA,NA,NA,NA,NA,NA
"TE1_OESOPHAGUS","esophagus","esophagus_squamous","",TRUE,TRUE,FALSE,"te1","oesophagus","Oesophagus:Carcinoma",NA,NA,NA,NA
"TE4_OESOPHAGUS","esophagus","esophagus_squamous","",TRUE,TRUE,FALSE,NA,NA,NA,NA,NA,NA,NA
"TE6_OESOPHAGUS","esophagus","esophagus_squamous","",TRUE,TRUE,FALSE,"te6","oesophagus","Oesophagus:Carcinoma",NA,NA,NA,NA
"TE8_OESOPHAGUS","esophagus","esophagus_squamous","",FALSE,TRUE,FALSE,NA,NA,NA,NA,NA,NA,NA
"TE9_OESOPHAGUS","esophagus","esophagus_squamous","",TRUE,TRUE,FALSE,"te9","oesophagus","Oesophagus:Carcinoma",NA,NA,NA,NA
"TEN_ENDOMETRIUM","uterus","uterus_endometrium","",TRUE,FALSE,FALSE,"ten","endometrium","Endometrium:Carcinoma",NA,NA,NA,NA
"THP1_HAEMATOPOIETIC_AND_LYMPHOID_TISSUE","leukemia","AML","",TRUE,TRUE,FALSE,"thp1","haematopoietic_and_lymphoid_tissue","Leukemia:AML",NA,NA,NA,NA
"TM87_SOFT_TISSUE","rhabdoid","","",FALSE,TRUE,FALSE,NA,NA,NA,NA,NA,NA,NA
"TOV112D_OVARY","ovary","ovary_adenocarcinoma","ovary_endometrium",FALSE,TRUE,FALSE,NA,NA,NA,NA,NA,NA,NA
"TOV21G_OVARY","ovary","ovary_adenocarcinoma","ovary_clear_cell",FALSE,TRUE,FALSE,NA,NA,NA,NA,NA,NA,NA
"TTC549_SOFT_TISSUE","rhabdoid","","",FALSE,TRUE,FALSE,NA,NA,NA,NA,NA,NA,NA
"TTC709_SOFT_TISSUE","rhabdoid","","",FALSE,TRUE,FALSE,NA,NA,NA,NA,NA,NA,NA
"TT_OESOPHAGUS","esophagus","esophagus_squamous","",FALSE,TRUE,FALSE,NA,NA,NA,NA,NA,NA,NA
"TUHR10TKB_KIDNEY","kidney","","",FALSE,TRUE,FALSE,NA,NA,NA,NA,NA,NA,NA
"TUHR14TKB_KIDNEY","kidney","","",FALSE,TRUE,FALSE,NA,NA,NA,NA,NA,NA,NA
"TUHR4TKB_KIDNEY","kidney","","",TRUE,TRUE,FALSE,"tuhr4tkb","kidney","Kidney:Carcinoma",NA,NA,NA,NA
"TYKNU_OVARY","ovary","ovary_adenocarcinoma","serous",TRUE,TRUE,FALSE,"tyknu","ovary","Ovary:Carcinoma",NA,NA,NA,NA
"U118MG_CENTRAL_NERVOUS_SYSTEM","central_nervous_system","glioma","astrocytoma",TRUE,TRUE,FALSE,"u118mg","central_nervous_system","CNS:Glioma",NA,NA,NA,NA
"U178_CENTRAL_NERVOUS_SYSTEM","central_nervous_system","glioma","glioblastoma",FALSE,TRUE,FALSE,NA,NA,NA,NA,NA,NA,NA
"U251MG_CENTRAL_NERVOUS_SYSTEM","central_nervous_system","glioma","astrocytoma",TRUE,TRUE,FALSE,"u251mg","central_nervous_system","CNS:Glioma",NA,NA,NA,NA
"U2OS_BONE","bone","osteosarcoma","",TRUE,TRUE,FALSE,"u2os","bone","Bone:Sarcoma_Osteo",NA,NA,NA,NA
"U343_CENTRAL_NERVOUS_SYSTEM","central_nervous_system","glioma","glioblastoma",FALSE,TRUE,FALSE,NA,NA,NA,NA,NA,NA,NA
"U87MG_CENTRAL_NERVOUS_SYSTEM","central_nervous_system","glioma","astrocytoma",TRUE,TRUE,FALSE,"u87mg","central_nervous_system","CNS:Glioma",NA,NA,NA,NA
"U937_HAEMATOPOIETIC_AND_LYMPHOID_TISSUE","leukemia","AML","",FALSE,TRUE,FALSE,NA,NA,NA,NA,NA,NA,NA
"UACC257_SKIN","skin","melanoma","",TRUE,TRUE,FALSE,"uacc257","skin","Skin:Melanoma",NA,NA,NA,NA
"UACC62_SKIN","skin","melanoma","",TRUE,FALSE,FALSE,"uacc62","skin","Skin:Melanoma",NA,NA,NA,NA
"UACC812_BREAST","breast","HER2Amp","",FALSE,TRUE,FALSE,NA,NA,NA,"uacc812","ERBB2","her2","LuminalA"
"UACC893_BREAST","breast","HER2Amp","",FALSE,FALSE,TRUE,NA,NA,NA,"uacc893","ERBB2","her2","HER2"
"UBLC1_URINARY_TRACT","urinary_tract","","",TRUE,FALSE,FALSE,"ublc1","urinary_tract","Bladder:Carcinoma",NA,NA,NA,NA
"UMUC3_URINARY_TRACT","urinary_tract","","",TRUE,FALSE,FALSE,"umuc3","urinary_tract","Bladder:Carcinoma",NA,NA,NA,NA
"UOK101_KIDNEY","kidney","","",FALSE,TRUE,FALSE,NA,NA,NA,NA,NA,NA,NA
"VCAP_PROSTATE","prostate","","",FALSE,TRUE,FALSE,NA,NA,NA,NA,NA,NA,NA
"VMRCRCW_KIDNEY","kidney","","",TRUE,FALSE,FALSE,"vmrcrcw","kidney","Kidney:Carcinoma",NA,NA,NA,NA
"WM115_SKIN","skin","melanoma","",TRUE,TRUE,FALSE,"wm115","skin","Skin:Melanoma",NA,NA,NA,NA
"WM1799_SKIN","skin","melanoma","",TRUE,TRUE,FALSE,"wm1799","skin","Skin:Melanoma",NA,NA,NA,NA
"WM2664_SKIN","skin","melanoma","",TRUE,TRUE,FALSE,"wm2664","skin","Skin:Melanoma",NA,NA,NA,NA
"WM793_SKIN","skin","melanoma","",TRUE,TRUE,FALSE,"wm793","skin","Skin:Melanoma",NA,NA,NA,NA
"WM88_SKIN","skin","melanoma","",TRUE,TRUE,FALSE,NA,NA,NA,NA,NA,NA,NA
"WM983B_SKIN","skin","melanoma","",FALSE,TRUE,FALSE,NA,NA,NA,NA,NA,NA,NA
"WSUDLCL2_HAEMATOPOIETIC_AND_LYMPHOID_TISSUE","lymphoma","DLBCL","",TRUE,FALSE,FALSE,"wsudlcl2","haematopoietic_and_lymphoid_tissue","Lymphoma:NH_B_cell",NA,NA,NA,NA
"YD38_UPPER_AERODIGESTIVE_TRACT","upper_aerodigestive","upper_aerodigestive_squamous","",TRUE,TRUE,FALSE,"yd38","upper_aerodigestive_tract","Upper_Aerodigestive_Tract:Carcinoma",NA,NA,NA,NA
"YD8_UPPER_AERODIGESTIVE_TRACT","upper_aerodigestive","upper_aerodigestive_squamous","",FALSE,TRUE,FALSE,NA,NA,NA,NA,NA,NA,NA
"YKG1_CENTRAL_NERVOUS_SYSTEM","central_nervous_system","glioma","glioblastoma",FALSE,TRUE,FALSE,NA,NA,NA,NA,NA,NA,NA
"YMB1_BREAST","breast","","",TRUE,FALSE,FALSE,"ymb1","breast","Breast:Carcinoma",NA,NA,NA,NA
"ZR751_BREAST","breast","ERpos","",FALSE,TRUE,TRUE,NA,NA,NA,"zr751","ER","luminal","LuminalA"
"ZR7530_BREAST","breast","TPBC","",FALSE,TRUE,FALSE,NA,NA,NA,"zr7530","ERBB2","her2","LuminalA"
"ZR75B_BREAST","breast",NA,NA,FALSE,FALSE,TRUE,NA,NA,NA,"zr75b","ER","luminal","LuminalA"
